episode, step, reward, done, health, vx, vy, vz, px, py, pz
3113, 2127402, 0.0, False, 99.96, 0.0, -0.1899216, 0.0, 20.0, 0.50620157, 5.0
3113, 2127403, -0.0011999999405816197, False, 99.84, 0.07695181, -0.06980896, 1.510284, 19.997782, 0.49034908, 5.0471187
3113, 2127404, -0.0011999999405816197, False, 99.71999, -0.2418211, -0.0005579144, 3.806123, 19.985113, 0.4900028, 5.2298427
3113, 2127405, -0.0011999999405816197, False, 99.59999, -0.7271113, -4.7683716e-06, 5.8865647, 19.974724, 0.49000004, 5.544145
3113, 2127406, -0.0011999999405816197, False, 99.47999, -1.3451746, 0.0, 7.7203918, 19.98304, 0.49000004, 5.97702
3113, 2127407, -0.0011999999405816197, False, 99.359985, -2.061554, 0.0, 9.31931, 20.024628, 0.49000004, 6.5147057
3113, 2127408, -0.0011999999405816197, False, 99.23998, -2.8455644, 0.0, 10.697387, 20.112238, 0.49000004, 7.1429844
3113, 2127409, -0.0011999999405816197, False, 99.11998, -3.6706028, 0.0, 11.870167, 20.256819, 0.49000004, 7.8472857
3113, 2127410, -0.0011999999405816197, False, 98.99998, -4.5140314, 0.0, 12.854131, 20.46752, 0.49000004, 8.612794
3113, 2127411, -0.0011999999405816197, False, 98.879974, -5.3569326, 0.0, 13.666227, 20.7517, 0.49000004, 9.42457
3113, 2127412, -0.0011999999405816197, False, 98.75997, -4.75207, 0.0, 14.894607, 21.11301, 0.49000004, 10.269506
3113, 2127413, -0.0011999999405816197, False, 98.63997, -4.2208652, 0.0, 16.003365, 21.54514, 0.49000004, 11.1433325
3113, 2127414, -0.0011999999405816197, False, 98.519966, -3.7530813, 0.0, 17.005428, 22.04066, 0.49000004, 12.043784
3113, 2127415, -0.0011999999405816197, False, 98.39996, -3.3401856, 0.0, 17.911879, 22.593023, 0.49000004, 12.968752
3113, 2127416, -0.0011999999405816197, False, 98.27996, -2.9750214, 0.0, 18.732355, 23.196417, 0.49000004, 13.916272
3113, 2127417, -0.0011999999405816197, False, 98.15996, -2.6515274, 0.0, 19.475355, 23.84568, 0.49000004, 14.884518
3113, 2127418, -0.0011999999405816197, False, 98.039955, -4.3584228, 0.0, 19.798292, 24.538134, 0.49000004, 15.869959
3113, 2127419, -0.0011999999405816197, False, 97.91995, -5.9049892, 0.0, 19.934162, 25.27985, 0.49000004, 16.860481
3113, 2127420, -0.0011999999405816197, False, 97.79995, -5.2701674, 0.0, 20.573448, 26.075268, 0.49000004, 17.844526
3113, 2127421, -0.0011999999405816197, False, 97.67995, -4.7051306, 0.0, 21.150602, 26.920408, 0.49000004, 18.821112
3113, 2127422, -0.0011999999405816197, False, 97.559944, -4.20193, 0.0, 21.67207, 27.810194, 0.49000004, 19.791327
3113, 2127423, -0.0011999999405816197, False, 97.43994, -3.753564, 0.0, 22.143526, 28.740095, 0.49000004, 20.756117
3113, 2127424, -0.0011999999405816197, False, 97.31994, -1.0756121, 0.0, 22.804523, 29.70444, 0.49000004, 21.718409
3113, 2127425, -0.0011999999405816197, False, 97.199936, -0.9613037, 0.0, 23.16593, 30.69204, 0.49000004, 22.688255
3113, 2127426, -0.0011999999405816197, False, 97.07993, 1.5018015, 0.0, 23.462318, 31.697163, 0.49000004, 23.66891
3113, 2127427, -0.0011999999405816197, False, 96.95993, 1.3427343, 0.0, 23.762842, 32.709435, 0.49000004, 24.66811
3113, 2127428, -0.0011999999405816197, False, 96.83993, 3.6071472, 0.0, 23.785593, 33.724407, 0.49000004, 25.68752
3113, 2127429, -0.0011999999405816197, False, 96.719925, 4.0380554, 3.491692, 10.236846, 34.36423, 0.6789927, 26.240105
3113, 2127430, -0.0011999999405816197, False, 96.59992, 3.1564054, 2.2258704, 6.0509434, 34.7431, 0.8374315, 26.53988
3113, 2127431, -0.0011999999405816197, False, 96.47992, 2.2685776, 1.3428414, 3.430399, 34.974735, 0.9341358, 26.724047
3113, 2127432, -0.0011999999405816197, False, 96.35992, 2.0944533, 1.8781862, 4.1236076, 35.15516, 1.0371549, 26.920015
3113, 2127433, -0.0011999999405816197, False, 96.239914, 2.0144823, 2.320472, 4.6766763, 35.3129, 1.1683385, 27.169987
3113, 2127434, -0.0011999999405816197, False, 96.11991, 1.522623, 2.6899836, 5.328797, 35.444424, 1.3229629, 27.464676
3113, 2127435, -0.0011999999405816197, False, 95.99991, 1.7007501, 3.0057206, 5.737771, 35.554295, 1.4973991, 27.797142
3113, 2127436, -0.0011999999405816197, False, 95.879906, 1.2762891, 3.2792382, 6.25627, 35.63853, 1.6889899, 28.16231
3113, 2127437, -0.0011999999405816197, False, 95.7599, 0.35423982, 3.5197685, 6.785453, 35.7047, 1.8955741, 28.556055
3113, 2127438, -0.0011999999405816197, False, 95.6399, 0.9846107, 3.7349007, 7.117387, 35.76634, 2.1154516, 28.975142
3113, 2127439, -0.0011999999405816197, False, 95.5199, 1.4457525, 3.9287047, 7.3719425, 35.8135, 2.3473396, 29.417152
3113, 2127440, -0.0011999999405816197, False, 95.399895, 1.7772748, 4.094676, 7.5911527, 35.83385, 2.5896862, 29.879107
3113, 2127441, -0.0011999999405816197, False, 95.27989, 2.483132, 3.1623054, 8.516058, 35.82195, 2.7976675, 30.409475
3113, 2127442, -0.0011999999405816197, False, 95.15989, 2.252298, 2.3166084, 7.724399, 35.806767, 2.9532113, 30.908144
3113, 2127443, -0.0011999999405816197, False, 95.03989, 1.299368, 1.549528, 7.181496, 35.79299, 3.061192, 31.360455
3113, 2127444, -0.0011999999405816197, False, 94.91988, 0.49123186, 0.8537559, 6.60141, 35.780502, 3.1260312, 31.77072
3113, 2127445, -0.0011999999405816197, False, 94.79988, 1.0690165, 0.22266322, 5.9083614, 35.76917, 3.1517391, 32.142845
3113, 2127446, -0.0011999999405816197, False, 94.67988, 0.40414646, -0.3497625, 5.431113, 35.75889, 3.1419537, 32.480377
3113, 2127447, -0.0011999999405816197, False, 94.559875, 0.8795014, -0.86897516, 4.860928, 35.74957, 3.0999744, 32.786533
3113, 2127448, -0.0011999999405816197, False, 94.43987, 0.33249944, -1.3399214, 4.4682865, 35.74111, 3.0287938, 33.06423
3113, 2127449, -0.0011999999405816197, False, 94.31987, 0.7235836, -1.767088, 3.999184, 35.73344, 2.9311266, 33.316113
3113, 2127450, -0.0011999999405816197, False, 94.19987, 0.27355397, -2.1545448, 3.6761491, 35.726482, 2.8094351, 33.54458
3113, 2127451, -0.0011999999405816197, False, 94.079865, 0.5953068, -2.505983, 3.290209, 35.720173, 2.6659524, 33.751804
3113, 2127452, -0.0011999999405816197, False, 93.95986, 0.84895873, -2.8247514, 2.911558, 35.714447, 2.5027046, 33.939766
3113, 2127453, -0.0011999999405816197, False, 93.83986, 1.0418701, -3.1138868, 2.5459385, 35.70925, 2.321529, 34.110256
3113, 2127454, -0.0011999999405816197, False, 93.71986, 1.1812251, -3.3761442, 2.197834, 35.704544, 2.1240916, 34.2649
3113, 2127455, -0.0011999999405816197, False, 93.59985, 1.2739285, -3.6140218, 1.8706071, 35.700275, 1.9119049, 34.405163
3113, 2127456, -0.0011999999405816197, False, 93.47985, 1.3265284, -3.829786, 1.5666356, 35.6964, 1.6863396, 34.53239
3113, 2127457, -0.0011999999405816197, False, 93.35985, 1.3451573, -4.025493, 1.2874452, 35.692886, 1.4486393, 34.64779
3113, 2127458, -0.0011999999405816197, False, 93.239845, 1.0913618, -4.2030067, 1.2889028, 35.689697, 1.1999323, 34.75246
3113, 2127459, -0.0011999999405816197, False, 93.11984, 0.86228216, -4.3640184, 1.2661546, 35.686806, 0.9412416, 34.8474
3113, 2127460, -0.0011999999405816197, False, 92.99984, 0.657793, -4.510062, 1.2239149, 35.68418, 0.6734955, 34.933517
3113, 2127461, -0.0011999999405816197, False, 92.87984, 0.0, -0.015449524, 0.0, 35.68256, 0.49007723, 34.986637
3113, 2127462, -0.0011999999405816197, False, 92.759834, -5.9604645e-08, -0.00012397766, 2.4726932, 35.641953, 0.49000064, 35.077843
3113, 2127463, -0.0011999999405816197, False, 92.63983, -0.39702082, 0.0, 4.7051635, 35.54699, 0.49000007, 35.297523
3113, 2127464, -0.0011999999405816197, False, 92.51983, -0.23732203, 0.0, 2.8125458, 35.467915, 0.49000007, 35.48542
3113, 2127465, -0.0011999999405816197, False, 92.399826, 1.1333547, 0.0, 3.7001672, 35.400883, 0.49000007, 35.708324
3113, 2127466, -0.0011999999405816197, False, 92.27982, 0.81466275, 1.4901161e-08, 1.8287523, 35.39807, 0.49000007, 35.85628
3113, 2127467, -0.0011999999405816197, False, 92.15982, 1.6191891, 0.0, 2.803661, 35.398544, 0.49000007, 36.02469
3113, 2127468, -0.0011999999405816197, False, 92.03982, 2.38581, 1.4901161e-08, 3.284049, 35.398544, 0.49000007, 36.25073
3113, 2127469, -0.0011999999405816197, False, 91.919815, 1.1920956, 0.0, 2.064954, 35.398533, 0.49000007, 36.424217
3113, 2127470, -0.0011999999405816197, False, 91.79981, 0.8121179, 0.0, -0.8327625, 35.44486, 0.49000007, 36.451046
3113, 2127471, -0.0011999999405816197, False, 91.67981, 0.88257545, 0.0, -3.1729634, 35.54042, 0.49000007, 36.331776
3113, 2127472, -0.0011999999405816197, False, 91.55981, 0.48791525, 0.0, 0.04427021, 35.595146, 0.49000007, 36.29111
3113, 2127473, -0.0011999999405816197, False, 91.439804, 0.024229893, 0.0, -0.00034492463, 35.6038, 0.49000007, 36.295948
3113, 2127474, -0.0011999999405816197, False, 91.3198, 0.0, 0.0, 0.0, 35.603806, 0.49000007, 36.295948
3113, 2127475, -0.0011999999405816197, False, 91.1998, 0.0, 0.0, 0.0, 35.603806, 0.49000007, 36.295948
3113, 2127476, -0.0011999999405816197, False, 91.079796, 0.0, 0.0, 0.0, 35.603806, 0.49000007, 36.295948
3113, 2127477, -0.0011999999405816197, False, 90.95979, 0.0, 0.0, 0.0, 35.603806, 0.49000007, 36.295948
3113, 2127478, -0.0011999999405816197, False, 90.83979, 0.16571963, 0.0, 2.4744325, 35.551506, 0.49000007, 36.38151
3113, 2127479, -0.0011999999405816197, False, 90.71979, 0.22882843, 0.0, 1.3204391, 35.49767, 0.49000007, 36.467102
3113, 2127480, -0.0011999999405816197, False, 90.599785, 0.15997925, 0.0, 0.5641679, 35.471645, 0.49000007, 36.50848
3113, 2127481, -0.0011999999405816197, False, 90.47978, 0.015032355, 0.0, 0.0867432, 35.464012, 0.49000007, 36.52062
3113, 2127482, -0.0011999999405816197, False, 90.35978, 0.16824949, 0.0, -2.3950434, 35.52648, 0.49000007, 36.448536
3113, 2127483, -0.0011999999405816197, False, 90.23978, 0.52870965, 0.0, -4.620727, 35.669685, 0.49000007, 36.262157
3113, 2127484, -0.0011999999405816197, False, 90.119774, 1.0504525, 0.0, -6.596541, 35.872272, 0.49000007, 35.963238
3113, 2127485, -0.0011999999405816197, False, 89.99977, 1.2639661, 0.0, -2.7369587, 36.025333, 0.49000007, 35.763927
3113, 2127486, -0.0011999999405816197, False, 89.87977, 0.82355857, 0.0, 0.3270903, 36.091473, 0.49000007, 35.749756
3113, 2127487, -0.0011999999405816197, False, 89.759766, 0.25350982, 0.0, 0.13287762, 36.11109, 0.49000007, 35.769833
3113, 2127488, -0.0011999999405816197, False, 89.63976, 0.3635509, 0.0, 2.577871, 36.08691, 0.49000007, 35.875427
3113, 2127489, -0.0011999999405816197, False, 89.51976, 0.34460387, 0.0, 1.3793236, 36.05753, 0.49000007, 35.978077
3113, 2127490, -0.0011999999405816197, False, 89.39976, 0.21930617, 0.0, 0.601644, 36.04305, 0.49000007, 36.028664
3113, 2127491, -0.0011999999405816197, False, 89.279755, 0.054285526, 0.0, 0.11116686, 36.038425, 0.49000007, 36.044827
3113, 2127492, -0.0011999999405816197, False, 89.15975, 0.21541584, 0.0, 2.5706508, 35.967213, 0.49000007, 36.124023
3113, 2127493, -0.0011999999405816197, False, 89.03975, -0.22768927, 0.0, 4.81289, 35.79464, 0.49000007, 36.298275
3113, 2127494, -0.0011999999405816197, False, 88.91975, -0.39267772, 0.0, 1.1940789, 35.687916, 0.49000007, 36.39562
3113, 2127495, -0.0011999999405816197, False, 88.79974, -0.13691252, 0.0, -1.5807725, 35.69952, 0.49000007, 36.350956
3113, 2127496, -0.0011999999405816197, False, 88.67974, 0.20262456, 0.0, -3.91261, 35.785706, 0.49000007, 36.18228
3113, 2127497, -0.0011999999405816197, False, 88.55974, 0.0087877065, 0.0, -0.41350687, 35.83048, 0.49000007, 36.100323
3113, 2127498, -0.0011999999405816197, False, 88.439735, 0.13330567, 0.0, 2.1007352, 35.79016, 0.49000007, 36.165947
3113, 2127499, -0.0011999999405816197, False, 88.31973, 0.18271792, 0.0, 1.0767555, 35.745224, 0.49000007, 36.23683
3113, 2127500, -0.0011999999405816197, False, 88.19973, 0.13789237, 0.0, -1.6442682, 35.778946, 0.49000007, 36.201424
3113, 2127501, -0.0011999999405816197, False, 88.07973, 0.43072724, 0.0, -3.9462948, 35.895954, 0.49000007, 36.048203
3113, 2127502, -0.0011999999405816197, False, 87.959724, 0.9007163, 0.0, -5.9969945, 36.07489, 0.49000007, 35.779434
3113, 2127503, -0.0011999999405816197, False, 87.83972, 0.39883006, 0.0, -2.3624108, 36.20185, 0.49000007, 35.60548
3113, 2127504, -0.0011999999405816197, False, 87.71972, 0.21548112, 0.0, 0.7423032, 36.22425, 0.49000007, 35.60357
3113, 2127505, -0.0011999999405816197, False, 87.59972, 0.20740968, 0.0, -1.8183603, 36.253048, 0.49000007, 35.55065
3113, 2127506, -0.0011999999405816197, False, 87.47971, 0.19716737, 0.0, -0.8888297, 36.28264, 0.49000007, 35.485744
3113, 2127507, -0.0011999999405816197, False, 87.35971, 0.09595482, 0.0, -0.2866574, 36.294743, 0.49000007, 35.45919
3113, 2127508, -0.0011999999405816197, False, 87.23971, -9.313212e-10, 0.0, 9.313239e-10, 36.296116, 0.49000007, 35.456173
3113, 2127509, -0.0011999999405816197, False, 87.119705, 0.16571932, 0.0, -2.4744322, 36.293606, 0.49000007, 35.355923
3113, 2127510, -0.0011999999405816197, False, 86.9997, 0.08737403, 0.0, 0.6682058, 36.30023, 0.49000007, 35.33784
3113, 2127511, -0.0011999999405816197, False, 86.8797, -0.16044074, 0.0, 3.0847328, 36.33566, 0.49000007, 35.471233
3113, 2127512, -0.0011999999405816197, False, 86.7597, -0.58896136, 0.0, 5.243349, 36.414577, 0.49000007, 35.733418
3113, 2127513, -0.0011999999405816197, False, 86.639694, -1.1632195, 0.0, 7.152583, 36.548496, 0.49000007, 36.106377
3113, 2127514, -0.0011999999405816197, False, 86.51969, -1.847235, 0.0, 8.823496, 36.746956, 0.49000007, 36.572178
3113, 2127515, -0.0011999999405816197, False, 86.39969, -2.6088116, 0.0, 10.269438, 37.01765, 0.49000007, 37.113052
3113, 2127516, -0.0011999999405816197, False, 86.279686, -3.4199386, 0.0, 11.505438, 37.366455, 0.49000007, 37.711483
3113, 2127517, -0.0011999999405816197, False, 86.15968, -4.2566752, 0.0, 12.547647, 37.797466, 0.49000007, 38.350292
3113, 2127518, -0.0011999999405816197, False, 86.03968, -5.098911, 0.0, 13.412846, 38.313038, 0.49000007, 39.012764
3113, 2127519, -0.0011999999405816197, False, 85.91968, -5.9300504, 0.0, 14.118004, 38.913837, 0.49000007, 39.68275
3113, 2127520, -0.0011999999405816197, False, 85.799675, 1.389162, 3.2782555e-07, 3.1201224, 39.034626, 0.4857388, 39.50146
3113, 2127521, -0.0011999999405816197, False, 85.67967, 1.045725, 0.0, 3.2184322, 39.229485, 0.4887947, 39.50001
3113, 2127522, -0.0011999999405816197, False, 85.55967, 1.1359441, 1.4901161e-08, 3.4961, 39.444103, 0.4889532, 39.5
3113, 2127523, -0.0011999999405816197, False, 85.43967, -2.4243292e-08, 0.0, -5.44516e-08, 39.50078, 0.48914438, 39.5
3113, 2127524, -0.0011999999405816197, False, 85.319664, 0.0, 0.0, 0.0, 39.500008, 0.48922387, 39.5
3113, 2127525, -0.0011999999405816197, False, 85.19966, 0.0, 0.0, 0.0, 39.5, 0.489296, 39.5
3113, 2127526, -0.0011999999405816197, False, 85.07966, 0.0, 0.0, 0.0, 39.5, 0.4893614, 39.5
3113, 2127527, -0.0011999999405816197, False, 84.959656, 0.0, 0.0, 0.0, 39.5, 0.48942077, 39.5
3113, 2127528, -0.0011999999405816197, False, 84.83965, 0.0, 0.0, 0.0, 39.5, 0.48947462, 39.5
3113, 2127529, -0.0011999999405816197, False, 84.71965, 0.0, 0.0, 0.0, 39.5, 0.4895235, 39.5
3113, 2127530, -0.0011999999405816197, False, 84.59965, 0.0, 0.0, 0.0, 39.5, 0.48956785, 39.5
3113, 2127531, -0.0011999999405816197, False, 84.479645, -1.841887e-08, -1.4901161e-08, 5.668738e-08, 39.5, 0.48960802, 39.5
3113, 2127532, -0.0011999999405816197, False, 84.35964, -0.16571942, -1.4901161e-08, -2.4744318, 39.471478, 0.48999685, 39.404102
3113, 2127533, -0.0011999999405816197, False, 84.23964, -0.13788295, -1.4901161e-08, -4.7256765, 39.4131, 0.48999995, 39.17167
3113, 2127534, -0.0011999999405816197, False, 84.11964, -0.7272578, -1.4901161e-08, -6.7253385, 39.332264, 0.49, 38.814648
3113, 2127535, -0.0011999999405816197, False, 83.99963, -1.4275429, -1.4901161e-08, -8.47649, 39.245342, 0.49, 38.342613
3113, 2127536, -0.0011999999405816197, False, 83.87963, -0.27854192, -1.4901161e-08, -10.255136, 39.16428, 0.49, 37.765503
3113, 2127537, -0.0011999999405816197, False, 83.75963, 0.88915443, -1.4901161e-08, -11.75146, 39.075607, 0.49, 37.09408
3113, 2127538, -0.0011999999405816197, False, 83.639626, 2.0556097, -1.4901161e-08, -12.994072, 38.962803, 0.49, 36.339867
3113, 2127539, -0.0011999999405816197, False, 83.51962, 3.2023525, -1.4901161e-08, -14.009171, 38.811615, 0.49, 35.51504
3113, 2127540, -0.0011999999405816197, False, 83.39962, 4.3134785, -1.4901161e-08, -14.821524, 38.609924, 0.49, 34.632355
3113, 2127541, -0.0011999999405816197, False, 83.27962, 3.8304386, -1.4901161e-08, -15.935089, 38.34992, 0.49, 33.703594
3113, 2127542, -0.0011999999405816197, False, 83.159615, 3.4053545, -1.4901161e-08, -16.942062, 38.035603, 0.49, 32.73402
3113, 2127543, -0.0011999999405816197, False, 83.03961, 1.246706, -1.4901161e-08, -18.07993, 37.675026, 0.49, 31.725939
3113, 2127544, -0.0011999999405816197, False, 82.91961, -0.77015114, -1.4901161e-08, -18.901026, 37.28637, 0.49, 30.676147
3113, 2127545, -0.0011999999405816197, False, 82.79961, 0.498871, 0.0, -2.5098524, 37.149914, 0.49, 30.358828
3113, 2127546, -0.0011999999405816197, False, 82.6796, 0.2604598, 0.0, 0.5736424, 37.164413, 0.49, 30.334808
3113, 2127547, -0.0011999999405816197, False, 82.5596, 0.4185593, 0.0, 2.9728246, 37.188656, 0.49, 30.465605
3113, 2127548, -0.0011999999405816197, False, 82.4396, 0.7939203, 0.0, 5.1206703, 37.20837, 0.49, 30.733099
3113, 2127549, -0.0011999999405816197, False, 82.319595, 1.3267692, 0.0, 7.0244207, 37.20802, 0.49, 31.123528
3113, 2127550, -0.0011999999405816197, False, 82.19959, 1.1553113, 0.0, 8.856, 37.176, 0.49, 31.623325
3113, 2127551, -0.0011999999405816197, False, 82.07959, 0.377029, 0.0, 4.963619, 37.1577, 0.49, 31.998951
3113, 2127552, -0.0011999999405816197, False, 81.95959, 0.9544326, 0.0, 6.9188337, 37.135757, 0.49, 32.37816
3113, 2127553, -0.0011999999405816197, False, 81.839584, 1.643169, 0.0, 8.631013, 37.082474, 0.49, 32.867218
3113, 2127554, -0.0011999999405816197, False, 81.71958, 2.4115138, 0.0, 10.113799, 36.98481, 0.49, 33.451466
3113, 2127555, -0.0011999999405816197, False, 81.59958, 3.2313225, 0.0, 11.382454, 36.831596, 0.49, 34.115917
3113, 2127556, -0.0011999999405816197, False, 81.479576, 1.2869542, 0.0, 7.413247, 36.702087, 0.49, 34.629555
3113, 2127557, -0.0011999999405816197, False, 81.35957, 0.6097445, 0.0, 3.6768825, 36.645035, 0.49, 34.921867
3113, 2127558, -0.0011999999405816197, False, 81.23957, 0.27605814, 0.0, 0.27655682, 36.645535, 0.49, 35.007248
3113, 2127559, -0.0011999999405816197, False, 81.11957, 0.0, 0.0, 0.0, 36.648914, 0.49, 35.01246
3113, 2127560, -0.0011999999405816197, False, 80.999565, 0.0, 0.0, 0.0, 36.648914, 0.49, 35.01246
3113, 2127561, -0.0011999999405816197, False, 80.87956, 0.1657193, 0.0, -2.474432, 36.646404, 0.49, 34.91221
3113, 2127562, -0.0011999999405816197, False, 80.75956, 0.08737397, 0.0, 0.66820586, 36.653027, 0.49, 34.894127
3113, 2127563, -0.0011999999405816197, False, 80.63956, -0.16044092, 0.0, 3.084733, 36.688457, 0.49, 35.02752
3113, 2127564, -0.0011999999405816197, False, 80.519554, -0.58896124, 0.0, 5.2433486, 36.767376, 0.49, 35.289703
3113, 2127565, -0.0011999999405816197, False, 80.39955, -1.1632185, 0.0, 7.1525826, 36.901295, 0.49, 35.662663
3113, 2127566, -0.0011999999405816197, False, 80.27955, -1.8472342, 0.0, 8.823495, 37.099754, 0.49, 36.128464
3113, 2127567, -0.0011999999405816197, False, 80.159546, -2.6088114, 0.0, 10.269435, 37.370453, 0.49, 36.66934
3113, 2127568, -0.0011999999405816197, False, 80.03954, -3.4199395, 0.0, 11.505436, 37.71926, 0.49, 37.26777
3113, 2127569, -0.0011999999405816197, False, 79.91954, -3.020925, 0.0, 12.927035, 38.148556, 0.49, 37.9086
3113, 2127570, -0.0011999999405816197, False, 79.79954, -4.0465674, 0.0, 13.86277, 38.653458, 0.49, 38.58461
3113, 2127571, -0.0011999999405816197, False, 79.679535, -3.5887413, 0.0, 15.065363, 39.23394, 0.49, 39.28349
3113, 2127572, -0.0011999999405816197, False, 79.55953, 0.0, 0.0, 0.0, 39.500538, 0.4891983, 39.503494
3113, 2127573, -0.0011999999405816197, False, 79.43953, 0.0, 0.0, 0.0, 39.500004, 0.4892728, 39.50207
3113, 2127574, -0.0011999999405816197, False, 79.31953, 0.0, 0.0, 0.0, 39.5, 0.48934042, 39.50123
3113, 2127575, -0.0011999999405816197, False, 79.199524, 0.0, 0.0, 0.0, 39.5, 0.48940176, 39.50073
3113, 2127576, -0.0011999999405816197, False, 79.07952, 0.0, 0.0, 0.0, 39.5, 0.48945737, 39.500427
3113, 2127577, -0.0011999999405816197, False, 78.95952, 0.0, 0.0, 0.0, 39.5, 0.4895078, 39.50025
3113, 2127578, -0.0011999999405816197, False, 78.839516, 0.0, 0.0, 0.0, 39.5, 0.48955354, 39.50015
3113, 2127579, -0.0011999999405816197, False, 78.71951, -0.16571927, 0.0, -2.474432, 39.47149, 0.48999643, 39.404285
3113, 2127580, -0.0011999999405816197, False, 78.59951, -0.13788289, 0.0, -4.7256775, 39.413113, 0.48999995, 39.171852
3113, 2127581, -0.0011999999405816197, False, 78.47951, -0.72725767, 0.0, -6.725339, 39.332275, 0.49, 38.81483
3113, 2127582, -0.0011999999405816197, False, 78.359505, -1.4275432, 0.0, -8.476491, 39.245354, 0.49, 38.342796
3113, 2127583, -0.0011999999405816197, False, 78.2395, -0.27854204, 0.0, -10.2551365, 39.164288, 0.49, 37.765686
3113, 2127584, -0.0011999999405816197, False, 78.1195, 0.8891543, 0.0, -11.751462, 39.075615, 0.49, 37.094265
3113, 2127585, -0.0011999999405816197, False, 77.9995, 2.0556107, 0.0, -12.994072, 38.96281, 0.49, 36.34005
3113, 2127586, -0.0011999999405816197, False, 77.87949, 3.202354, 0.0, -14.009172, 38.811623, 0.49, 35.515224
3113, 2127587, -0.0011999999405816197, False, 77.75949, 4.3134794, 0.0, -14.821526, 38.609932, 0.49, 34.632538
3113, 2127588, -0.0011999999405816197, False, 77.63949, 3.830439, 0.0, -15.935088, 38.349922, 0.49, 33.703777
3113, 2127589, -0.0011999999405816197, False, 77.519485, 3.405357, 0.0, -16.942064, 38.035606, 0.49, 32.734203
3113, 2127590, -0.0011999999405816197, False, 77.39948, 1.246705, 0.0, -18.07993, 37.67503, 0.49, 31.726122
3113, 2127591, -0.0011999999405816197, False, 77.27948, -0.7701502, 0.0, -18.901026, 37.286373, 0.49, 30.67633
3113, 2127592, -0.0011999999405816197, False, 77.15948, 0.40000862, 0.0, -2.5803907, 37.021336, 0.49, 30.069513
3113, 2127593, -0.0011999999405816197, False, 77.039474, 0.19730724, 0.0, 0.5313314, 37.03001, 0.49, 30.067884
3113, 2127594, -0.0011999999405816197, False, 76.91947, 0.3655614, 0.0, 2.9390175, 37.05084, 0.49, 30.196604
3113, 2127595, -0.0011999999405816197, False, 76.79947, 0.74624074, 0.0, 5.0945954, 37.06772, 0.49, 30.462183
3113, 2127596, -0.0011999999405816197, False, 76.67947, 0.6421793, 0.0, 7.1038756, 37.067543, 0.49, 30.851223
3113, 2127597, -0.0011999999405816197, False, 76.55946, 1.390777, 0.0, 8.825288, 37.047623, 0.49, 31.351692
3113, 2127598, -0.0011999999405816197, False, 76.43946, 1.2193668, 0.0, 10.488618, 36.998333, 0.49, 31.951326
3113, 2127599, -0.0011999999405816197, False, 76.31946, 1.073901, 0.0, 11.996183, 36.920593, 0.49, 32.640503
3113, 2127600, -0.0011999999405816197, False, 76.199455, 2.2415366, 0.0, 13.197995, 36.814922, 0.49, 33.41032
3113, 2127601, -0.0011999999405816197, False, 76.07945, 0.9346894, 0.0, 8.984164, 36.739655, 0.49, 34.033035
3113, 2127602, -0.0011999999405816197, False, 75.95945, 0.17740244, 0.0, 5.0578194, 36.708157, 0.49, 34.41316
3113, 2127603, -0.0011999999405816197, False, 75.83945, -0.10443958, 0.0, 1.4447505, 36.698383, 0.49, 34.570454
3113, 2127604, -0.0011999999405816197, False, 75.719444, -0.115799114, 0.0, 0.6478213, 36.6945, 0.49, 34.624157
3113, 2127605, -0.0011999999405816197, False, 75.59944, -0.314969, 0.0, 3.049787, 36.70556, 0.49, 34.760445
3113, 2127606, -0.0011999999405816197, False, 75.47944, -0.71488637, 0.0, 5.19867, 36.748173, 0.49, 35.029255
3113, 2127607, -0.0011999999405816197, False, 75.359436, -1.2667696, 0.0, 7.1014605, 36.83511, 0.49, 35.413914
3113, 2127608, -0.0011999999405816197, False, 75.23943, -1.9319773, 0.0, 8.768471, 36.977463, 0.49, 35.897602
3113, 2127609, -0.0011999999405816197, False, 75.11943, -2.677344, 0.0, 10.212524, 37.184574, 0.49, 36.463474
3113, 2127610, -0.0011999999405816197, False, 74.99943, -3.4743853, 0.0, 11.448244, 37.464, 0.49, 37.09473
3113, 2127611, -0.0011999999405816197, False, 74.879425, -4.2988796, 0.0, 12.491442, 37.82151, 0.49, 37.774723
3113, 2127612, -0.0011999999405816197, False, 74.75942, -5.130516, 0.0, 13.358607, 38.261116, 0.49, 38.48708
3113, 2127613, -0.0011999999405816197, False, 74.63942, -5.9525437, 0.0, 14.066474, 38.785114, 0.49, 39.215816
3113, 2127614, -0.0011999999405816197, False, 74.51942, 1.3631384, -0.038902983, 2.3610415, 39.18317, 0.48999998, 39.54073
3113, 2127615, -0.0011999999405816197, False, 74.399414, 0.91518426, 1.0430813e-07, 2.0555563, 39.302708, 0.4880859, 39.500324
3113, 2127616, -0.0011999999405816197, False, 74.27941, 0.72874165, 0.0, 2.2428644, 39.438232, 0.4889063, 39.5
3113, 2127617, -0.0011999999405816197, False, 74.15941, 0.029516965, -0.0020141304, 0.090845056, 39.499523, 0.48900023, 39.5
3113, 2127618, -0.0011999999405816197, False, 74.039406, 0.00023575849, 0.0, 0.0007255995, 39.499996, 0.48909312, 39.5
3113, 2127619, -0.0011999999405816197, False, 73.9194, 0.0, 0.0, 0.0, 39.5, 0.48917747, 39.5
3113, 2127620, -0.0011999999405816197, False, 73.7994, 0.0, 0.0, 0.0, 39.5, 0.48925397, 39.5
3113, 2127621, -0.0011999999405816197, False, 73.6794, 0.0, 0.0, 0.0, 39.5, 0.48932332, 39.5
3113, 2127622, -0.0011999999405816197, False, 73.559395, 0.0, 0.0, 0.0, 39.5, 0.48938623, 39.5
3113, 2127623, -0.0011999999405816197, False, 73.43939, 0.0, 0.0, 0.0, 39.5, 0.4894433, 39.5
3113, 2127624, -0.0011999999405816197, False, 73.31939, 0.0, 0.0, 0.0, 39.5, 0.48949504, 39.5
3113, 2127625, -0.0011999999405816197, False, 73.19939, 0.0, 0.0, 0.0, 39.5, 0.489542, 39.5
3113, 2127626, -0.0011999999405816197, False, 73.079384, 2.7225749e-08, 0.0, 1.21217605e-08, 39.5, 0.4895846, 39.5
3113, 2127627, -0.0011999999405816197, False, 72.95938, 0.0, 0.0, 0.0, 39.5, 0.4896232, 39.5
3113, 2127628, -0.0011999999405816197, False, 72.83938, -0.16571945, 0.0, -2.474432, 39.471474, 0.489997, 39.4041
3113, 2127629, -0.0011999999405816197, False, 72.719376, -0.13788307, 0.0, -4.725676, 39.413097, 0.48999995, 39.171665
3113, 2127630, -0.0011999999405816197, False, 72.59937, -0.7272576, 0.0, -6.725339, 39.33226, 0.49, 38.814644
3113, 2127631, -0.0011999999405816197, False, 72.47937, -1.4275429, 0.0, -8.476491, 39.24534, 0.49, 38.34261
3113, 2127632, -0.0011999999405816197, False, 72.35937, -0.6415676, 0.0, -4.6485734, 39.170467, 0.49, 37.99261
3113, 2127633, -0.0011999999405816197, False, 72.239365, -0.2829578, 0.0, -1.1234806, 39.126095, 0.49, 37.861748
3113, 2127634, -0.0011999999405816197, False, 72.11936, -0.20791402, 0.0, 1.5967379, 39.129414, 0.49, 37.908455
3113, 2127635, -0.0011999999405816197, False, 71.99936, -0.16894543, 0.0, 3.9299526, 39.17789, 0.49, 38.092644
3113, 2127636, -0.0011999999405816197, False, 71.87936, -0.67745256, 0.0, 6.004895, 39.27101, 0.49, 38.4002
3113, 2127637, -0.0011999999405816197, False, 71.75935, -1.3140209, 0.0, 7.831381, 39.417847, 0.49, 38.814297
3113, 2127638, -0.0011999999405816197, False, 71.63935, -2.1287954, -5.9604645e-08, 3.1958444, 39.499218, 0.48482955, 39.18621
3113, 2127639, -0.0011999999405816197, False, 71.51935, -1.4265088, 2.9802322e-08, 1.9654851, 39.499992, 0.48722318, 39.35271
3113, 2127640, -0.0011999999405816197, False, 71.399345, -0.7857992, -1.4901161e-08, 1.3610351, 39.5, 0.48778003, 39.460415
3113, 2127641, -0.0011999999405816197, False, 71.27934, -0.037014972, -0.0020184666, 0.08313656, 39.5, 0.48805976, 39.499542
3113, 2127642, -0.0011999999405816197, False, 71.15934, -0.00020779447, 1.4901161e-08, 0.000639424, 39.5, 0.48824015, 39.499996
3113, 2127643, -0.0011999999405816197, False, 71.03934, -0.16580835, 0.0, -2.473839, 39.47173, 0.48998594, 39.40491
3113, 2127644, -0.0011999999405816197, False, 70.919334, -0.13795525, 0.0, -4.7251396, 39.413357, 0.48999992, 39.172516
3113, 2127645, -0.0011999999405816197, False, 70.79933, -0.72726804, 0.0, -6.7248473, 39.33252, 0.49, 38.815525
3113, 2127646, -0.0011999999405816197, False, 70.67933, -1.427504, 0.0, -8.476046, 39.245598, 0.49, 38.343517
3113, 2127647, -0.0011999999405816197, False, 70.559326, -0.6415715, 0.0, -4.648169, 39.170727, 0.49, 37.99354
3113, 2127648, -0.0011999999405816197, False, 70.43932, -0.282983, 0.0, -1.1231197, 39.12636, 0.49, 37.8627
3113, 2127649, -0.0011999999405816197, False, 70.31932, -0.20792103, 0.0, 1.5969564, 39.12969, 0.49, 37.909424
3113, 2127650, -0.0011999999405816197, False, 70.19932, -0.16895247, 0.0, 3.930151, 39.17817, 0.49, 38.093624
3113, 2127651, -0.0011999999405816197, False, 70.079315, -0.14376986, 0.0, 6.045968, 39.268826, 0.49, 38.402065
3113, 2127652, -0.0011999999405816197, False, 69.95931, -0.85828733, 0.0, 7.915708, 39.39993, 0.49, 38.822403
3113, 2127653, -0.0011999999405816197, False, 69.83931, -2.773235, -0.09154977, 4.8033514, 39.502907, 0.48787886, 39.28553
3113, 2127654, -0.0011999999405816197, False, 69.71931, -2.5441973, 4.4703484e-08, 3.5017629, 39.500023, 0.48725972, 39.56553
3113, 2127655, -0.0011999999405816197, False, 69.599304, 0.0, 0.0, 0.0, 39.50001, 0.48815393, 39.500523
3113, 2127656, -0.0011999999405816197, False, 69.4793, 0.0, 0.0, 0.0, 39.50001, 0.4883255, 39.500004
3113, 2127657, -0.0011999999405816197, False, 69.3593, 0.0, 0.0, 0.0, 39.50001, 0.48848113, 39.5
3113, 2127658, -0.0011999999405816197, False, 69.239296, -0.16571918, 0.0, -2.4744322, 39.471695, 0.48998788, 39.40474
3113, 2127659, -0.0011999999405816197, False, 69.11929, -0.13788289, 0.0, -4.7256765, 39.41332, 0.4899999, 39.17231
3113, 2127660, -0.0011999999405816197, False, 68.99929, -0.7272576, 0.0, -6.725339, 39.33248, 0.48999998, 38.81529
3113, 2127661, -0.0011999999405816197, False, 68.87929, -1.4275429, 0.0, -8.476492, 39.245556, 0.48999998, 38.343254
3113, 2127662, -0.0011999999405816197, False, 68.759285, -0.27854192, 0.0, -10.2551365, 39.16449, 0.48999998, 37.766144
3113, 2127663, -0.0011999999405816197, False, 68.63928, 0.8891548, 0.0, -11.751462, 39.075817, 0.48999998, 37.094723
3113, 2127664, -0.0011999999405816197, False, 68.51928, 2.0556107, 0.0, -12.994073, 38.96301, 0.48999998, 36.340508
3113, 2127665, -0.0011999999405816197, False, 68.39928, 3.2023535, 0.0, -14.009173, 38.81182, 0.48999998, 35.515682
3113, 2127666, -0.0011999999405816197, False, 68.279274, 4.3134794, 0.0, -14.821526, 38.61013, 0.48999998, 34.632996
3113, 2127667, -0.0011999999405816197, False, 68.15927, 3.8304386, 0.0, -15.935088, 38.35012, 0.48999998, 33.704235
3113, 2127668, -0.0011999999405816197, False, 68.03927, 3.405356, 0.0, -16.942066, 38.035805, 0.48999998, 32.73466
3113, 2127669, -0.0011999999405816197, False, 67.919266, 1.246705, 0.0, -18.079933, 37.67523, 0.48999998, 31.72658
3113, 2127670, -0.0011999999405816197, False, 67.79926, -0.77015257, 0.0, -18.901031, 37.286568, 0.48999998, 30.676788
3113, 2127671, -0.0011999999405816197, False, 67.67926, 1.1194123, 0.0, -1.9274905, 37.02776, 0.48999998, 29.909761
3113, 2127672, -0.0011999999405816197, False, 67.55926, 0.49100822, 0.0, -1.3443137, 37.060658, 0.48999998, 29.814426
3113, 2127673, -0.0011999999405816197, False, 67.439255, 0.34440947, 0.0, 1.4102427, 37.081562, 0.48999998, 29.84794
3113, 2127674, -0.0011999999405816197, False, 67.31925, 0.5738305, 0.0, 3.7192652, 37.096813, 0.48999998, 30.027588
3113, 2127675, -0.0011999999405816197, False, 67.19925, 0.4872498, 0.0, 5.8562593, 37.095127, 0.48999998, 30.338686
3113, 2127676, -0.0011999999405816197, False, 67.07925, 0.421448, 0.0, 7.793528, 37.0766, 0.48999998, 30.768814
3113, 2127677, -0.0011999999405816197, False, 66.95924, 0.36805034, 0.0, 9.550371, 37.043274, 0.48999998, 31.306927
3113, 2127678, -0.0011999999405816197, False, 66.83924, 1.3877422, 0.0, 11.056303, 36.99417, 0.48999998, 31.942654
3113, 2127679, -0.0011999999405816197, False, 66.71924, 2.4260938, 0.0, 12.322245, 36.91636, 0.48999998, 32.664394
3113, 2127680, -0.0011999999405816197, False, 66.599236, 3.4628034, 0.0, 13.370621, 36.796238, 0.48999998, 33.459652
3113, 2127681, -0.0011999999405816197, False, 66.47923, 1.9874476, 0.0, 9.260304, 36.71382, 0.48999998, 34.107666
3113, 2127682, -0.0011999999405816197, False, 66.35923, 1.0554748, 0.0, 5.4110475, 36.69253, 0.48999998, 34.51527
3113, 2127683, -0.0011999999405816197, False, 66.23923, 0.56508887, 0.0, 1.8538052, 36.707344, 0.48999998, 34.700256
3113, 2127684, -0.0011999999405816197, False, 66.119225, 0.34223476, 0.0, -1.0187821, 36.72941, 0.48999998, 34.69215
3113, 2127685, -0.0011999999405816197, False, 65.99922, 0.5306453, 0.0, -3.367328, 36.744312, 0.48999998, 34.534485
3113, 2127686, -0.0011999999405816197, False, 65.87922, 0.40094635, 0.0, 0.010714531, 36.764355, 0.48999998, 34.467007
3113, 2127687, -0.0011999999405816197, False, 65.75922, 0.12185174, 0.0, 2.5254588, 36.80652, 0.48999998, 34.56174
3113, 2127688, -0.0011999999405816197, False, 65.63921, -0.3010831, 0.0, 4.7636414, 36.89, 0.48999998, 34.789375
3113, 2127689, -0.0011999999405816197, False, 65.51921, -0.8701687, 0.0, 6.7451606, 37.02725, 0.48999998, 35.13128
3113, 2127690, -0.0011999999405816197, False, 65.39921, -1.5531278, 0.0, 8.481833, 37.22818, 0.48999998, 35.56915
3113, 2127691, -0.0011999999405816197, False, 65.279205, -1.3602948, 0.0, 10.177974, 37.498604, 0.48999998, 36.08651
3113, 2127692, -0.0011999999405816197, False, 65.1592, -1.1971564, 0.0, 11.714898, 37.833427, 0.48999998, 36.674908
3113, 2127693, -0.0011999999405816197, False, 65.0392, -2.3226657, 0.0, 12.933197, 38.22829, 0.48999998, 37.326393
3113, 2127694, -0.0011999999405816197, False, 64.9192, -2.055973, 0.0, 14.215875, 38.686726, 0.48999998, 38.027615
3113, 2127695, -0.0011999999405816197, False, 64.799194, -3.3217106, 0.0, 15.110531, 39.20618, 0.48999998, 38.77079
3113, 2127696, -0.0011999999405816197, False, 64.67919, -4.7581244, -0.06850516, 3.4569461, 39.51769, 0.48893958, 39.373615
3113, 2127697, -0.0011999999405816197, False, 64.55919, 0.0, -1.4901161e-08, 0.0, 39.50059, 0.48514178, 39.508373
3113, 2127698, -0.0011999999405816197, False, 64.439186, 0.0, -1.4901161e-08, 0.0, 39.50035, 0.48559338, 39.500065
3113, 2127699, -0.0011999999405816197, False, 64.31918, 0.0, 0.0, 0.0, 39.50021, 0.48600304, 39.5
3113, 2127700, -0.0011999999405816197, False, 64.19918, 0.0, 1.4901161e-08, 0.0, 39.500126, 0.4863746, 39.5
3113, 2127701, -0.0011999999405816197, False, 64.07918, 0.0, 0.0, 0.0, 39.500076, 0.4867116, 39.5
3113, 2127702, -0.0011999999405816197, False, 63.959175, 0.0, 0.0, 0.0, 39.500046, 0.4870173, 39.5
3113, 2127703, -0.0011999999405816197, False, 63.839172, 0.0, 0.0, 0.0, 39.500027, 0.48731333, 39.5
3113, 2127704, -0.0011999999405816197, False, 63.71917, 0.0, 1.4901161e-08, 0.0, 39.500015, 0.48778182, 39.5
3113, 2127705, -0.0011999999405816197, False, 63.599167, -0.16571939, -1.4901161e-08, -2.4744325, 39.47183, 0.48998225, 39.40514
3113, 2127706, -0.0011999999405816197, False, 63.479164, -0.13788289, -1.4901161e-08, -4.725677, 39.413456, 0.4899999, 39.172714
3113, 2127707, -0.0011999999405816197, False, 63.35916, -0.7272578, -1.4901161e-08, -6.72534, 39.33262, 0.48999998, 38.815693
3113, 2127708, -0.0011999999405816197, False, 63.23916, -0.63216144, -1.4901161e-08, -8.58233, 39.24306, 0.48999998, 38.34386
3113, 2127709, -0.0011999999405816197, False, 63.119156, -0.5536798, -1.4901161e-08, -10.266128, 39.14758, 0.48999998, 37.76766
3113, 2127710, -0.0011999999405816197, False, 62.999153, 0.6493807, -1.4901161e-08, -11.786966, 39.04376, 0.48999998, 37.0972
3113, 2127711, -0.0011999999405816197, False, 62.87915, 1.8483946, -1.4901161e-08, -13.047924, 38.91758, 0.48999998, 36.343796
3113, 2127712, -0.0011999999405816197, False, 62.759148, 3.0250454, -1.4901161e-08, -14.076336, 38.75456, 0.48999998, 35.519653
3113, 2127713, -0.0011999999405816197, False, 62.639145, 4.163517, -1.4901161e-08, -14.897828, 38.542374, 0.48999998, 34.637543
3113, 2127714, -0.0011999999405816197, False, 62.519142, 3.6974401, -1.4901161e-08, -16.00354, 38.273037, 0.48999998, 33.709248
3113, 2127715, -0.0011999999405816197, False, 62.39914, 3.287261, -1.4901161e-08, -17.003622, 37.950417, 0.48999998, 32.740044
3113, 2127716, -0.0011999999405816197, False, 62.279137, 1.1365132, -1.4901161e-08, -18.124105, 37.58244, 0.48999998, 31.732254
3113, 2127717, -0.0011999999405816197, False, 62.159134, -0.87189436, -1.4901161e-08, -18.93051, 37.18718, 0.48999998, 30.68269
3113, 2127718, -0.0011999999405816197, False, 62.03913, -2.7278106, -1.4901161e-08, -19.4706, 36.783627, 0.48999998, 29.58893
3113, 2127719, -0.0011999999405816197, False, 61.91913, 0.66875774, 0.0, -1.5910295, 36.83041, 0.48999998, 29.65373
3113, 2127720, -0.0011999999405816197, False, 61.799126, 0.4473426, 0.0, 1.2100248, 36.858856, 0.48999998, 29.674099
3113, 2127721, -0.0011999999405816197, False, 61.679123, 0.6350944, 0.0, 3.531867, 36.879303, 0.48999998, 29.842571
3113, 2127722, -0.0011999999405816197, False, 61.55912, 0.5380558, 0.0, 5.686814, 36.881935, 0.48999998, 30.143553
3113, 2127723, -0.0011999999405816197, False, 61.439117, 0.46490085, 0.0, 7.64001, 36.867134, 0.48999998, 30.564499
3113, 2127724, -0.0011999999405816197, False, 61.319115, 0.40575033, 0.0, 9.411202, 36.837074, 0.48999998, 31.094276
3113, 2127725, -0.0011999999405816197, False, 61.199112, 0.35628575, 0.0, 11.017567, 36.79347, 0.48999998, 31.722784
3113, 2127726, -0.0011999999405816197, False, 61.07911, 1.5175668, 0.0, 12.380755, 36.73514, 0.48999998, 32.440514
3113, 2127727, -0.0011999999405816197, False, 60.959106, 2.6689217, 0.0, 13.504653, 36.649, 0.48999998, 33.23663
3113, 2127728, -0.0011999999405816197, False, 60.839104, 1.2810016, 0.0, 9.3024, 36.590862, 0.48999998, 33.883137
3113, 2127729, -0.0011999999405816197, False, 60.7191, 0.44577947, 0.0, 5.378363, 36.57416, 0.48999998, 34.284786
3113, 2127730, -0.0011999999405816197, False, 60.5991, 0.079389684, 0.0, 1.7588035, 36.576527, 0.48999998, 34.461563
3113, 2127731, -0.0011999999405816197, False, 60.479095, 0.07127095, 0.0, -1.094753, 36.57736, 0.48999998, 34.447014
3113, 2127732, -0.0011999999405816197, False, 60.359093, -0.08520636, 0.0, 1.6777426, 36.58506, 0.48999998, 34.497078
3113, 2127733, -0.0011999999405816197, False, 60.23909, -0.39129388, 0.0, 3.9808483, 36.6237, 0.48999998, 34.687824
3113, 2127734, -0.0011999999405816197, False, 60.119087, -0.87070084, 0.0, 6.031514, 36.706318, 0.48999998, 35.001823
3113, 2127735, -0.0011999999405816197, False, 59.999084, -1.483206, 0.0, 7.8385997, 36.844147, 0.48999998, 35.4216
3113, 2127736, -0.0011999999405816197, False, 59.87908, -2.1933708, 0.0, 9.413829, 37.04661, 0.48999998, 35.929695
3113, 2127737, -0.0011999999405816197, False, 59.75908, -2.9703472, 0.0, 10.771062, 37.321335, 0.48999998, 36.50875
3113, 2127738, -0.0011999999405816197, False, 59.639076, -3.7876215, 0.0, 11.9256525, 37.674137, 0.48999998, 37.141624
3113, 2127739, -0.0011999999405816197, False, 59.519073, -4.6227283, 0.0, 12.893896, 38.109077, 0.48999998, 37.81148
3113, 2127740, -0.0011999999405816197, False, 59.39907, -4.0950785, 0.0, 14.191157, 38.626984, 0.48999998, 38.504116
3113, 2127741, -0.0011999999405816197, False, 59.279068, -5.1202626, 0.0, 14.906355, 39.222282, 0.48999998, 39.213882
3113, 2127742, -0.0011999999405816197, False, 59.159065, 6.60727e-06, 1.6391277e-07, -3.8146627e-06, 39.532356, 0.49, 39.660053
3113, 2127743, -0.0011999999405816197, False, 59.039062, 0.0, 0.0, 0.0, 39.50026, 0.5044319, 39.50386
3113, 2127744, -0.0011999999405816197, False, 58.91906, 1.1920929e-07, -0.1263237, -2.5568213, 39.412403, 0.4906317, 39.44003
3113, 2127745, -0.0011999999405816197, False, 58.799057, -0.005479932, -0.0010108948, 0.6608935, 39.397076, 0.49000505, 39.431248
3113, 2127746, -0.0011999999405816197, False, 58.679054, -0.0029094815, 0.00060887635, 1.0638615, 39.477196, 0.48847222, 39.49643
3113, 2127747, -0.0011999999405816197, False, 58.55905, -0.003435168, 0.0, 0.0045874068, 39.48429, 0.4885926, 39.49997
3113, 2127748, -0.0011999999405816197, False, 58.43905, -3.6401296e-05, 0.0, 5.0101648e-05, 39.484318, 0.48916587, 39.499996
3113, 2127749, -0.0011999999405816197, False, 58.319046, -3.093503e-05, 1.4901161e-08, 5.3580537e-05, 39.48434, 0.48950562, 39.499996
3113, 2127750, -0.0011999999405816197, False, 58.199043, -2.51891e-05, 1.4901161e-08, 5.6575067e-05, 39.484364, 0.489707, 39.499996
3113, 2127751, -0.0011999999405816197, False, 58.07904, -1.9137393e-05, 0.0, 5.8898127e-05, 39.484386, 0.48982635, 39.499996
3113, 2127752, -0.0011999999405816197, False, 57.959038, -1.2876012e-05, 1.4901161e-08, 6.057588e-05, 39.484406, 0.48989704, 39.499996
3113, 2127753, -0.0011999999405816197, False, 57.839035, -9.179115e-06, 0.0, -2.4809718, 39.463562, 0.48999918, 39.40193
3113, 2127754, -0.0011999999405816197, False, 57.719032, -7.6293945e-06, 0.0, -4.7313657, 39.413692, 0.48999998, 39.167324
3113, 2127755, -0.0011999999405816197, False, 57.59903, -0.6101869, 0.0, -6.7428017, 39.340088, 0.48999998, 38.80844
3113, 2127756, -0.0011999999405816197, False, 57.479027, -1.3279839, 0.0, -8.502559, 39.259422, 0.48999998, 38.334774
3113, 2127757, -0.0011999999405816197, False, 57.359024, -0.55455554, 0.0, -4.662093, 39.18995, 0.48999998, 37.98335
3113, 2127758, -0.0011999999405816197, False, 57.23902, -0.2157356, 0.0, -1.1254704, 39.149956, 0.48999998, 37.85136
3113, 2127759, -0.0011999999405816197, False, 57.11902, -0.16382548, 0.0, 1.6097625, 39.156406, 0.48999998, 37.89795
3113, 2127760, -0.0011999999405816197, False, 56.999016, -0.44833243, 0.0, 3.9130678, 39.209713, 0.48999998, 38.081245
3113, 2127761, -0.0011999999405816197, False, 56.879013, -0.38149953, 0.0, 6.0313115, 39.318, 0.48999998, 38.383793
3113, 2127762, -0.0011999999405816197, False, 56.75901, -0.3303194, 0.0, 7.95204, 39.47779, 0.48999998, 38.793793
3113, 2127763, -0.0011999999405816197, False, 56.639008, -2.2812426, 3.874302e-07, 3.9511912, 39.501663, 0.48513192, 39.14062
3113, 2127764, -0.0011999999405816197, False, 56.519005, -1.869783, -1.4901161e-08, 3.238529, 39.50001, 0.48777848, 39.374805
3113, 2127765, -0.0011999999405816197, False, 56.399002, 0.0, 0.0, 0.0, 39.5, 0.48824963, 39.50201
3113, 2127766, -0.0011999999405816197, False, 56.279, 0.0, 0.0, 0.0, 39.5, 0.4884124, 39.500015
3113, 2127767, -0.0011999999405816197, False, 56.158997, 0.0, 0.0, 0.0, 39.5, 0.48855993, 39.5
3113, 2127768, -0.0011999999405816197, False, 56.038994, -5.9604645e-08, 0.0, -2.4810264, 39.47932, 0.48998848, 39.402714
3113, 2127769, -0.0011999999405816197, False, 55.91899, -2.3841858e-07, 0.0, -4.731415, 39.42945, 0.48999992, 39.16811
3113, 2127770, -0.0011999999405816197, False, 55.79899, -0.6101854, 0.0, -6.7428474, 39.355846, 0.49, 38.809223
3113, 2127771, -0.0011999999405816197, False, 55.678986, -1.3279866, 0.0, -8.502599, 39.275177, 0.49, 38.335556
3113, 2127772, -0.0011999999405816197, False, 55.558983, -0.5545546, 0.0, -4.6621294, 39.205704, 0.49, 37.98413
3113, 2127773, -0.0011999999405816197, False, 55.43898, -0.2157326, 0.0, -1.1255027, 39.16571, 0.49, 37.85214
3113, 2127774, -0.0011999999405816197, False, 55.318977, -0.1638264, 0.0, 1.609744, 39.17216, 0.49, 37.898727
3113, 2127775, -0.0011999999405816197, False, 55.198975, -0.4483316, 0.0, 3.913051, 39.225464, 0.49, 38.082024
3113, 2127776, -0.0011999999405816197, False, 55.07897, -0.3814988, 0.0, 6.031296, 39.33375, 0.49, 38.38457
3113, 2127777, -0.0011999999405816197, False, 54.95897, -1.0616267, 0.0, 7.8812294, 39.495914, 0.49, 38.79343
3113, 2127778, -0.0011999999405816197, False, 54.838966, -2.0095003, -2.9802322e-08, 2.7769766, 39.499966, 0.48714632, 39.051895
3113, 2127779, -0.0011999999405816197, False, 54.718964, -1.3961397, -4.4703484e-08, 1.5505552, 39.5, 0.48681054, 39.205593
3113, 2127780, -0.0011999999405816197, False, 54.59896, -0.50427085, 0.0, 0.6940627, 39.5, 0.48730102, 39.277393
3113, 2127781, -0.0011999999405816197, False, 54.47896, -0.18983753, -1.4901161e-08, 0.32880485, 39.5, 0.48794645, 39.305996
3113, 2127782, -0.0011999999405816197, False, 54.358955, -0.17766738, 2.9802322e-08, 0.39904293, 39.5, 0.4885194, 39.32851
3113, 2127783, -0.0011999999405816197, False, 54.238953, -0.29063413, 0.0, 0.65276754, 39.5, 0.48867318, 39.366035
3113, 2127784, -0.0011999999405816197, False, 54.11895, -0.33054277, 4.4703484e-08, 1.0172923, 39.5, 0.48912296, 39.420788
3113, 2127785, -0.0011999999405816197, False, 53.998947, -0.50824136, -2.9802322e-08, 1.5641848, 39.5, 0.4891341, 39.508373
3113, 2127786, -0.0011999999405816197, False, 53.878944, -1.4575524e-08, 1.4901161e-08, -3.0981804e-09, 39.5, 0.48929092, 39.500065
3113, 2127787, -0.0011999999405816197, False, 53.75894, 0.0, 0.0, -2.481027, 39.479233, 0.48999435, 39.40235
3113, 2127788, -0.0011999999405816197, False, 53.63894, -5.9604645e-08, 0.0, -4.7314157, 39.429363, 0.48999995, 39.167744
3113, 2127789, -0.0011999999405816197, False, 53.518936, -0.61018497, 0.0, -6.7428474, 39.35576, 0.49, 38.808853
3113, 2127790, -0.0011999999405816197, False, 53.398933, -1.3279865, 0.0, -8.502599, 39.27509, 0.49, 38.335186
3113, 2127791, -0.0011999999405816197, False, 53.27893, -0.55455446, 0.0, -4.6621294, 39.205616, 0.49, 37.98376
3113, 2127792, -0.0011999999405816197, False, 53.158928, -0.21573266, 0.0, -1.1255031, 39.165623, 0.49, 37.85177
3113, 2127793, -0.0011999999405816197, False, 53.038925, -0.16382644, 0.0, 1.6097436, 39.172073, 0.49, 37.898357
3113, 2127794, -0.0011999999405816197, False, 52.918922, -0.1331687, 0.0, 3.941511, 39.22295, 0.49, 38.08252
3113, 2127795, -0.0011999999405816197, False, 52.79892, -0.6482762, 0.0, 6.018462, 39.3181, 0.49, 38.39009
3113, 2127796, -0.0011999999405816197, False, 52.678917, -1.2902098, 0.0, 7.846159, 39.466694, 0.49, 38.80423
3113, 2127797, -0.0011999999405816197, False, 52.558914, -2.5314274, 2.3841858e-07, 3.4841752, 39.501194, 0.4852027, 39.151806
3113, 2127798, -0.0011999999405816197, False, 52.43891, -1.5937507, 1.0430813e-07, 2.760427, 39.50001, 0.4876912, 39.357193
3113, 2127799, -0.0011999999405816197, False, 52.31891, -1.0967019, -2.9802322e-08, 2.463203, 39.5, 0.48837394, 39.52521
3113, 2127800, -0.0011999999405816197, False, 52.198906, -2.8343655e-08, 2.9802322e-08, -9.209543e-09, 39.5, 0.48879206, 39.5002
3113, 2127801, -0.0011999999405816197, False, 52.078903, -1.4575523e-08, 1.4901161e-08, -3.0981842e-09, 39.5, 0.48890433, 39.5
3113, 2127802, -0.0011999999405816197, False, 51.9589, 0.0, 0.0, -2.481027, 39.479282, 0.48999122, 39.402515
3113, 2127803, -0.0011999999405816197, False, 51.838898, 0.0, 0.0, -4.7314157, 39.429413, 0.48999995, 39.16791
3113, 2127804, -0.0011999999405816197, False, 51.718895, -0.610185, 0.0, -6.742848, 39.35581, 0.49, 38.80902
3113, 2127805, -0.0011999999405816197, False, 51.598892, -1.3279862, 0.0, -8.502599, 39.27514, 0.49, 38.335354
3113, 2127806, -0.0011999999405816197, False, 51.47889, -0.55455434, 0.0, -4.662129, 39.205666, 0.49, 37.98393
3113, 2127807, -0.0011999999405816197, False, 51.358887, -0.21573247, 0.0, -1.1255028, 39.165672, 0.49, 37.851936
3113, 2127808, -0.0011999999405816197, False, 51.238884, -0.16382626, 0.0, 1.609744, 39.172123, 0.49, 37.898525
3113, 2127809, -0.0011999999405816197, False, 51.11888, -0.13316882, 0.0, 3.941511, 39.223, 0.49, 38.082687
3113, 2127810, -0.0011999999405816197, False, 50.99888, -0.64827645, 0.0, 6.018463, 39.31815, 0.49, 38.39026
3113, 2127811, -0.0011999999405816197, False, 50.878876, -1.2902098, 0.0, 7.84616, 39.466743, 0.49, 38.804398
3113, 2127812, -0.0011999999405816197, False, 50.758873, -2.531455, 1.7881393e-07, 3.4842107, 39.501198, 0.485197, 39.151947
3113, 2127813, -0.0011999999405816197, False, 50.63887, -1.7747786, 1.4901161e-08, 2.4427466, 39.50001, 0.4872176, 39.353497
3113, 2127814, -0.0011999999405816197, False, 50.518867, -1.1218525, 2.9802322e-08, 1.5440806, 39.5, 0.48727515, 39.48932
3113, 2127815, -0.0011999999405816197, False, 50.398865, -0.008499698, 1.4901161e-08, 0.014721734, 39.5, 0.48746407, 39.499912
3113, 2127816, -0.0011999999405816197, False, 50.278862, -2.5213401e-05, 0.0, 5.662949e-05, 39.5, 0.48769984, 39.499996
3113, 2127817, -0.0011999999405816197, False, 50.15886, -1.9155874e-05, 4.0233135e-07, 5.8954793e-05, 39.5, 0.487929, 39.499996
3113, 2127818, -0.0011999999405816197, False, 50.038857, -0.16572759, -1.4901161e-08, -2.4743774, 39.471786, 0.48998344, 39.405056
3113, 2127819, -0.0011999999405816197, False, 49.918854, -0.1378898, -1.4901161e-08, -4.7256274, 39.413414, 0.48999986, 39.172634
3113, 2127820, -0.0011999999405816197, False, 49.79885, -0.7272588, -1.4901161e-08, -6.725294, 39.332577, 0.49, 38.815617
3113, 2127821, -0.0011999999405816197, False, 49.67885, -1.4275396, -1.4901161e-08, -8.476449, 39.245647, 0.49, 38.343586
3113, 2127822, -0.0011999999405816197, False, 49.558846, -0.6415683, -1.4901161e-08, -4.6485353, 39.170776, 0.49, 37.993587
3113, 2127823, -0.0011999999405816197, False, 49.438843, -0.2829603, -1.4901161e-08, -1.1234466, 39.126404, 0.49, 37.86273
3113, 2127824, -0.0011999999405816197, False, 49.31884, -0.20791474, -1.4901161e-08, 1.5967585, 39.129723, 0.49, 37.90944
3113, 2127825, -0.0011999999405816197, False, 49.198837, -0.16894639, -1.4901161e-08, 3.9299715, 39.1782, 0.49, 38.093628
3113, 2127826, -0.0011999999405816197, False, 49.078835, -0.6774548, -1.4901161e-08, 6.004912, 39.27132, 0.49, 38.401184
3113, 2127827, -0.0011999999405816197, False, 48.95883, -1.3140235, -1.4901161e-08, 7.8313956, 39.418156, 0.49, 38.81528
3113, 2127828, -0.0011999999405816197, False, 48.83883, -2.134726, -1.4901161e-07, 3.1998377, 39.49923, 0.48482957, 39.187054
3113, 2127829, -0.0011999999405816197, False, 48.718826, -1.4315584, 2.9802322e-08, 1.9724251, 39.499992, 0.48722598, 39.35408
3113, 2127830, -0.0011999999405816197, False, 48.598824, -0.7893596, -2.9802322e-08, 1.3671942, 39.5, 0.48777878, 39.462246
3113, 2127831, -0.0011999999405816197, False, 48.47882, -0.030622661, -0.0017655641, 0.06877869, 39.5, 0.4880766, 39.499622
3113, 2127832, -0.0011999999405816197, False, 48.358818, -0.00016061471, 0.0, 0.00049431325, 39.5, 0.4882554, 39.499996
3113, 2127833, -0.0011999999405816197, False, 48.238815, -0.1657882, -1.4901161e-08, -2.4739735, 39.47172, 0.48998606, 39.404896
3113, 2127834, -0.0011999999405816197, False, 48.118813, -0.13793886, -1.4901161e-08, -4.725261, 39.41335, 0.48999992, 39.172497
3113, 2127835, -0.0011999999405816197, False, 47.99881, -0.72726566, -1.4901161e-08, -6.724959, 39.33251, 0.49, 38.8155
3113, 2127836, -0.0011999999405816197, False, 47.878807, -1.427513, -1.4901161e-08, -8.476147, 39.24559, 0.49, 38.343487
3113, 2127837, -0.0011999999405816197, False, 47.758804, -0.6415708, -1.4901161e-08, -4.648261, 39.17072, 0.49, 37.99351
3113, 2127838, -0.0011999999405816197, False, 47.6388, -0.28297734, -1.4901161e-08, -1.1232015, 39.12635, 0.49, 37.862667
3113, 2127839, -0.0011999999405816197, False, 47.5188, -0.20791942, -1.4901161e-08, 1.5969067, 39.129677, 0.49, 37.90938
3113, 2127840, -0.0011999999405816197, False, 47.398796, -0.48272824, -1.4901161e-08, 3.8979273, 39.180584, 0.49, 38.092705
3113, 2127841, -0.0011999999405816197, False, 47.278793, -0.4107108, -1.4901161e-08, 6.01774, 39.28684, 0.49, 38.395233
3113, 2127842, -0.0011999999405816197, False, 47.15879, -1.0854776, -1.4901161e-08, 7.866414, 39.44724, 0.49, 38.804047
3113, 2127843, -0.0011999999405816197, False, 47.038788, -2.4403543, 1.1920929e-07, 3.35882, 39.50056, 0.48675323, 39.15202
3113, 2127844, -0.0011999999405816197, False, 46.918785, -1.8185217, 0.0, 2.0196486, 39.500004, 0.4867293, 39.344418
3113, 2127845, -0.0011999999405816197, False, 46.798782, -0.80509967, 1.4901161e-08, 0.894143, 39.5, 0.48683384, 39.4453
3113, 2127846, -0.0011999999405816197, False, 46.67878, -0.14239833, -2.9802322e-08, 0.1959921, 39.5, 0.48742157, 39.474327
3113, 2127847, -0.0011999999405816197, False, 46.558777, -0.022708489, 2.9802322e-08, 0.039331745, 39.5, 0.48805293, 39.47821
3113, 2127848, -0.0011999999405816197, False, 46.438774, -0.10089935, -1.4901161e-08, 0.22662033, 39.5, 0.4878573, 39.488163
3113, 2127849, -0.0011999999405816197, False, 46.31877, -0.009638368, 0.0, 0.029663326, 39.5, 0.48785144, 39.499844
3113, 2127850, -0.0011999999405816197, False, 46.19877, -0.16981187, 0.0, -2.4469352, 39.471893, 0.4899828, 39.406666
3113, 2127851, -0.0011999999405816197, False, 46.078766, -0.1412062, 0.0, -4.700751, 39.41363, 0.4899999, 39.175797
3113, 2127852, -0.0011999999405816197, False, 45.958763, -0.7277108, 0.0, -6.702561, 39.33291, 0.48999998, 38.820183
3113, 2127853, -0.0011999999405816197, False, 45.83876, -1.4257085, 0.0, -8.455916, 39.246094, 0.48999998, 38.349426
3113, 2127854, -0.0011999999405816197, False, 45.718758, -0.64172614, 0.0, -4.629856, 39.17133, 0.48999998, 38.000584
3113, 2127855, -0.0011999999405816197, False, 45.598755, -0.28409123, 0.0, -1.1067693, 39.127083, 0.48999998, 37.87076
3113, 2127856, -0.0011999999405816197, False, 45.478752, -0.20827329, 0.0, 1.6067244, 39.130585, 0.48999998, 37.918064
3113, 2127857, -0.0011999999405816197, False, 45.35875, -0.16929579, 0.0, 3.9390082, 39.179214, 0.48999998, 38.102787
3113, 2127858, -0.0011999999405816197, False, 45.238747, -0.6786183, 0.0, 6.013031, 39.272472, 0.48999998, 38.410828
3113, 2127859, -0.0011999999405816197, False, 45.118744, -1.3158226, 0.0, 7.8386135, 39.419434, 0.48999998, 38.825367
3113, 2127860, -0.0011999999405816197, False, 44.99874, -2.1630077, -8.940697e-08, 3.220848, 39.499283, 0.48482826, 39.196903
3113, 2127861, -0.0011999999405816197, False, 44.87874, -1.4557351, -2.9802322e-08, 2.005699, 39.499992, 0.48723096, 39.366447
3113, 2127862, -0.0011999999405816197, False, 44.758736, -0.8064584, 2.9802322e-08, 1.3968085, 39.5, 0.48777413, 39.476814
3113, 2127863, -0.0011999999405816197, False, 44.638733, 0.0, 0.0, 0.0, 39.5, 0.48818308, 39.50023
3113, 2127864, -0.0011999999405816197, False, 44.51873, 0.0, 0.0, 0.0, 39.5, 0.48835197, 39.5
3113, 2127865, -0.0011999999405816197, False, 44.398727, -0.16571933, 0.0, -2.474432, 39.471706, 0.48998687, 39.40482
3113, 2127866, -0.0011999999405816197, False, 44.278725, -0.13788295, 0.0, -4.7256765, 39.41333, 0.48999992, 39.17239
3113, 2127867, -0.0011999999405816197, False, 44.158722, -0.72725785, 0.0, -6.7253385, 39.33249, 0.49, 38.81537
3113, 2127868, -0.0011999999405816197, False, 44.03872, -1.4275434, 0.0, -8.476491, 39.24556, 0.49, 38.343334
3113, 2127869, -0.0011999999405816197, False, 43.918716, -0.64156806, 0.0, -4.648575, 39.17069, 0.49, 37.993336
3113, 2127870, -0.0011999999405816197, False, 43.798714, -0.28295797, 0.0, -1.123482, 39.126316, 0.49, 37.862473
3113, 2127871, -0.0011999999405816197, False, 43.67871, -0.20791417, 0.0, 1.5967369, 39.129635, 0.49, 37.90918
3113, 2127872, -0.0011999999405816197, False, 43.55871, -0.48270667, 0.0, 3.897775, 39.18054, 0.49, 38.0925
3113, 2127873, -0.0011999999405816197, False, 43.438705, -0.9399533, 0.0, 5.948845, 39.28915, 0.49, 38.39389
3113, 2127874, -0.0011999999405816197, False, 43.318703, -0.81368375, 0.0, 7.8791833, 39.46229, 0.49, 38.79621
3113, 2127875, -0.0011999999405816197, False, 43.1987, -2.3393455, 1.4901161e-07, 3.2197917, 39.501347, 0.4853341, 39.123177
3113, 2127876, -0.0011999999405816197, False, 43.078697, -1.4506092, -4.4703484e-08, 2.512494, 39.50001, 0.4876967, 39.31057
3113, 2127877, -0.0011999999405816197, False, 42.958694, -0.9952681, -5.9604645e-08, 2.235374, 39.5, 0.4883878, 39.4629
3113, 2127878, -0.0011999999405816197, False, 42.83869, 0.0, 0.0, 0.0, 39.5, 0.48879597, 39.500435
3113, 2127879, -0.0011999999405816197, False, 42.71869, -1.4575519e-08, 1.4901161e-08, -3.098202e-09, 39.5, 0.4889079, 39.5
3113, 2127880, -0.0011999999405816197, False, 42.598686, 0.0, 0.0, -2.481027, 39.479282, 0.48999125, 39.40251
3113, 2127881, -0.0011999999405816197, False, 42.478683, 0.0, 0.0, -4.731416, 39.429413, 0.48999998, 39.167908
3113, 2127882, -0.0011999999405816197, False, 42.35868, -0.610185, 0.0, -6.7428484, 39.35581, 0.48999998, 38.809017
3113, 2127883, -0.0011999999405816197, False, 42.238678, -1.3279864, 0.0, -8.5026, 39.27514, 0.48999998, 38.33535
3113, 2127884, -0.0011999999405816197, False, 42.118675, -0.55455446, 0.0, -4.662129, 39.205666, 0.48999998, 37.983925
3113, 2127885, -0.0011999999405816197, False, 41.998672, -0.21573254, 0.0, -1.1255033, 39.165672, 0.48999998, 37.851933
3113, 2127886, -0.0011999999405816197, False, 41.87867, -0.16382629, 0.0, 1.6097438, 39.172123, 0.48999998, 37.89852
3113, 2127887, -0.0011999999405816197, False, 41.758667, -0.13316882, 0.0, 3.9415112, 39.223003, 0.48999998, 38.082684
3113, 2127888, -0.0011999999405816197, False, 41.638664, -0.6482773, 0.0, 6.0184627, 39.318153, 0.48999998, 38.390255
3113, 2127889, -0.0011999999405816197, False, 41.51866, -1.290209, 0.0, 7.846159, 39.46675, 0.48999998, 38.804394
3113, 2127890, -0.0011999999405816197, False, 41.39866, -2.5314586, 1.7881393e-07, 3.4842083, 39.501198, 0.48519698, 39.15194
3113, 2127891, -0.0011999999405816197, False, 41.278656, -1.5937716, 4.4703484e-08, 2.7604542, 39.50001, 0.48769125, 39.35732
3113, 2127892, -0.0011999999405816197, False, 41.158653, -1.2652377, 2.9802322e-08, 2.1914248, 39.5, 0.48786432, 39.521618
3113, 2127893, -0.0011999999405816197, False, 41.03865, -2.7225704e-08, 1.4901161e-08, -1.2121856e-08, 39.5, 0.4882103, 39.50017
3113, 2127894, -0.0011999999405816197, False, 40.918648, 0.0, 0.0, 0.0, 39.5, 0.48837668, 39.5
3113, 2127895, -0.0011999999405816197, False, 40.798645, -0.16571939, 0.0, -2.4744325, 39.4717, 0.48998705, 39.404804
3113, 2127896, -0.0011999999405816197, False, 40.678642, -0.13788301, 0.0, -4.725677, 39.413322, 0.4899999, 39.172375
3113, 2127897, -0.0011999999405816197, False, 40.55864, -0.72725743, 0.0, -6.7253394, 39.33248, 0.48999998, 38.815353
3113, 2127898, -0.0011999999405816197, False, 40.438637, -1.4275429, 0.0, -8.476491, 39.245552, 0.48999998, 38.34332
3113, 2127899, -0.0011999999405816197, False, 40.318634, -0.6415676, 0.0, -4.648575, 39.17068, 0.48999998, 37.99332
3113, 2127900, -0.0011999999405816197, False, 40.19863, -0.2829576, 0.0, -1.1234823, 39.12631, 0.48999998, 37.862457
3113, 2127901, -0.0011999999405816197, False, 40.07863, -0.20791396, 0.0, 1.5967369, 39.129627, 0.48999998, 37.909164
3113, 2127902, -0.0011999999405816197, False, 39.958626, -0.4827068, 0.0, 3.897775, 39.18053, 0.48999998, 38.092484
3113, 2127903, -0.0011999999405816197, False, 39.838623, -0.4106915, 0.0, 6.0176015, 39.28678, 0.48999998, 38.395004
3113, 2127904, -0.0011999999405816197, False, 39.71862, -1.085448, 0.0, 7.8662915, 39.447178, 0.48999998, 38.80381
3113, 2127905, -0.0011999999405816197, False, 39.598618, -2.4402704, 8.940697e-08, 3.3586993, 39.500557, 0.486759, 39.151806
3113, 2127906, -0.0011999999405816197, False, 39.478615, -1.5257279, -1.4901161e-08, 2.6426, 39.500004, 0.48763928, 39.351868
3113, 2127907, -0.0011999999405816197, False, 39.358612, -1.2061651, 0.0, 2.089109, 39.5, 0.48787665, 39.50864
3113, 2127908, -0.0011999999405816197, False, 39.23861, 0.0, 0.0, 0.0, 39.5, 0.48813164, 39.50007
3113, 2127909, -0.0011999999405816197, False, 39.118607, 0.0, 0.0, 0.0, 39.5, 0.4883053, 39.5
3113, 2127910, -0.0011999999405816197, False, 38.998604, -0.16571939, 0.0, -2.4744322, 39.471714, 0.48998648, 39.404842
3113, 2127911, -0.0011999999405816197, False, 38.8786, -0.13788295, 0.0, -4.7256765, 39.413338, 0.4899999, 39.172417
3113, 2127912, -0.0011999999405816197, False, 38.7586, -0.7272576, 0.0, -6.725339, 39.332497, 0.48999998, 38.815395
3113, 2127913, -0.0011999999405816197, False, 38.638596, -1.427543, 0.0, -8.476489, 39.245567, 0.48999998, 38.34336
3113, 2127914, -0.0011999999405816197, False, 38.518593, -0.6415677, 0.0, -4.6485734, 39.170696, 0.48999998, 37.993362
3113, 2127915, -0.0011999999405816197, False, 38.39859, -0.28295773, 0.0, -1.1234804, 39.126324, 0.48999998, 37.8625
3113, 2127916, -0.0011999999405816197, False, 38.278587, -0.20791396, 0.0, 1.5967381, 39.129642, 0.48999998, 37.909206
3113, 2127917, -0.0011999999405816197, False, 38.158585, -0.16894567, 0.0, 3.9299529, 39.17812, 0.48999998, 38.093395
3113, 2127918, -0.0011999999405816197, False, 38.03858, -0.67745245, 0.0, 6.004895, 39.27124, 0.48999998, 38.40095
3113, 2127919, -0.0011999999405816197, False, 37.91858, -1.3140202, 0.0, 7.8313813, 39.418076, 0.48999998, 38.81505
3113, 2127920, -0.0011999999405816197, False, 37.798576, -2.133182, -8.940697e-08, 3.1987438, 39.49923, 0.48482957, 39.186855
3113, 2127921, -0.0011999999405816197, False, 37.678574, -1.2990664, 2.9802322e-08, 2.252457, 39.499992, 0.4876868, 39.357517
3113, 2127922, -0.0011999999405816197, False, 37.55857, -0.8888229, 0.0, 1.9962956, 39.5, 0.4884048, 39.493347
3113, 2127923, -0.0011999999405816197, False, 37.43857, -0.0032727027, 0.0, 0.010072138, 39.5, 0.4885144, 39.499947
3113, 2127924, -0.0011999999405816197, False, 37.318565, -1.2876155e-05, 0.0, 6.057585e-05, 39.5, 0.48865256, 39.499996
3113, 2127925, -0.0011999999405816197, False, 37.198563, -9.059906e-06, -1.4901161e-08, -2.4809725, 39.47931, 0.4899892, 39.402657
3113, 2127926, -0.0011999999405816197, False, 37.07856, -7.3313713e-06, -1.4901161e-08, -4.7313666, 39.42944, 0.48999992, 39.168053
3113, 2127927, -0.0011999999405816197, False, 36.958557, -0.6101869, -1.4901161e-08, -6.7428026, 39.355835, 0.49, 38.80917
3113, 2127928, -0.0011999999405816197, False, 36.838554, -1.3279833, -1.4901161e-08, -8.502558, 39.275166, 0.49, 38.335503
3113, 2127929, -0.0011999999405816197, False, 36.71855, -0.5545553, -1.4901161e-08, -4.6620917, 39.205692, 0.49, 37.98408
3113, 2127930, -0.0011999999405816197, False, 36.59855, -0.21573557, -1.4901161e-08, -1.1254699, 39.1657, 0.49, 37.852093
3113, 2127931, -0.0011999999405816197, False, 36.478546, -0.16382545, -1.4901161e-08, 1.6097628, 39.17215, 0.49, 37.89868
3113, 2127932, -0.0011999999405816197, False, 36.358543, -0.13316822, -1.4901161e-08, 3.9415288, 39.22303, 0.49, 38.082844
3113, 2127933, -0.0011999999405816197, False, 36.23854, -0.6482779, -1.4901161e-08, 6.0184793, 39.31818, 0.49, 38.390423
3113, 2127934, -0.0011999999405816197, False, 36.118538, -1.2902129, -1.4901161e-08, 7.8461742, 39.466778, 0.49, 38.80456
3113, 2127935, -0.0011999999405816197, False, 35.998535, -2.531479, 2.0861626e-07, 3.4842317, 39.501198, 0.4851951, 39.152096
3113, 2127936, -0.0011999999405816197, False, 35.878532, -1.5937848, 2.9802322e-08, 2.7604742, 39.50001, 0.4876913, 39.35747
3113, 2127937, -0.0011999999405816197, False, 35.75853, -1.265248, 2.9802322e-08, 2.1914403, 39.5, 0.48786438, 39.52177
3113, 2127938, -0.0011999999405816197, False, 35.638527, 0.0, 0.0, 0.0, 39.5, 0.48821127, 39.50017
3113, 2127939, -0.0011999999405816197, False, 35.518524, 0.0, 0.0, 0.0, 39.5, 0.48837757, 39.5
3113, 2127940, -0.0011999999405816197, False, 35.39852, -0.16571942, 0.0, -2.4744318, 39.4717, 0.48998705, 39.404804
3113, 2127941, -0.0011999999405816197, False, 35.27852, -0.13788295, 0.0, -4.7256765, 39.413322, 0.4899999, 39.172375
3113, 2127942, -0.0011999999405816197, False, 35.158516, -0.7272577, 0.0, -6.7253385, 39.33248, 0.48999998, 38.815353
3113, 2127943, -0.0011999999405816197, False, 35.038513, -1.4275433, 0.0, -8.47649, 39.245552, 0.48999998, 38.34332
3113, 2127944, -0.0011999999405816197, False, 34.91851, -0.6415678, 0.0, -4.648574, 39.17068, 0.48999998, 37.99332
3113, 2127945, -0.0011999999405816197, False, 34.798508, -0.2829579, 0.0, -1.1234807, 39.12631, 0.48999998, 37.862457
3113, 2127946, -0.0011999999405816197, False, 34.678505, -0.20791405, 0.0, 1.5967376, 39.129627, 0.48999998, 37.909164
3113, 2127947, -0.0011999999405816197, False, 34.558502, -0.1689452, 0.0, 3.9299517, 39.178104, 0.48999998, 38.093353
3113, 2127948, -0.0011999999405816197, False, 34.4385, -0.6774516, 0.0, 6.0048933, 39.271225, 0.48999998, 38.40091
3113, 2127949, -0.0011999999405816197, False, 34.318497, -1.3140185, 0.0, 7.8313794, 39.41806, 0.48999998, 38.815006
3113, 2127950, -0.0011999999405816197, False, 34.198494, -2.132888, -1.1920929e-07, 3.1985955, 39.499226, 0.48482955, 39.18682
3113, 2127951, -0.0011999999405816197, False, 34.07849, -1.4299912, 2.9802322e-08, 1.9702618, 39.499992, 0.48722345, 39.353687
3113, 2127952, -0.0011999999405816197, False, 33.95849, -0.834076, 2.9802322e-08, 1.1479902, 39.5, 0.48734862, 39.45806
3113, 2127953, -0.0011999999405816197, False, 33.838486, -0.077775285, -0.000102356076, 0.13470885, 39.5, 0.4873623, 39.49922
3113, 2127954, -0.0011999999405816197, False, 33.718483, -0.00052170135, 0.0, 0.0011717395, 39.5, 0.48760748, 39.499992
3113, 2127955, -0.0011999999405816197, False, 33.59848, -1.9119138e-05, 3.874302e-07, 5.8841386e-05, 39.5, 0.487877, 39.499996
3113, 2127956, -0.0011999999405816197, False, 33.478477, -0.16572762, -1.4901161e-08, -2.4743779, 39.471794, 0.489983, 39.405087
3113, 2127957, -0.0011999999405816197, False, 33.358475, -0.13788968, -1.4901161e-08, -4.7256274, 39.41342, 0.4899999, 39.172665
3113, 2127958, -0.0011999999405816197, False, 33.238472, -0.7272584, -1.4901161e-08, -6.725294, 39.33258, 0.48999998, 38.815647
3113, 2127959, -0.0011999999405816197, False, 33.11847, -1.4275393, -1.4901161e-08, -8.476449, 39.24565, 0.48999998, 38.343616
3113, 2127960, -0.0011999999405816197, False, 32.998466, -0.6415678, -1.4901161e-08, -4.6485367, 39.17078, 0.48999998, 37.993618
3113, 2127961, -0.0011999999405816197, False, 32.878464, -0.28296006, -1.4901161e-08, -1.1234481, 39.126408, 0.48999998, 37.86276
3113, 2127962, -0.0011999999405816197, False, 32.75846, -0.20791468, -1.4901161e-08, 1.5967575, 39.129726, 0.48999998, 37.90947
3113, 2127963, -0.0011999999405816197, False, 32.63846, -0.16894591, -1.4901161e-08, 3.92997, 39.178204, 0.48999998, 38.09366
3113, 2127964, -0.0011999999405816197, False, 32.518456, -0.6774546, -1.4901161e-08, 6.00491, 39.271324, 0.48999998, 38.401215
3113, 2127965, -0.0011999999405816197, False, 32.398453, -1.3140235, -1.4901161e-08, 7.8313947, 39.418163, 0.48999998, 38.81531
3113, 2127966, -0.0011999999405816197, False, 32.27845, -2.1348686, -1.4901161e-07, 3.1997623, 39.499233, 0.4848296, 39.18708
3113, 2127967, -0.0011999999405816197, False, 32.158447, -1.3002957, -4.4703484e-08, 2.2545831, 39.499992, 0.48768696, 39.357895
3113, 2127968, -0.0011999999405816197, False, 32.038445, -0.88968295, 0.0, 1.9982246, 39.5, 0.48840454, 39.49386
3113, 2127969, -0.0011999999405816197, False, 31.918442, -0.0030369605, 0.0, 0.009346597, 39.5, 0.48852262, 39.49995
3113, 2127970, -0.0011999999405816197, False, 31.798439, -1.2876187e-05, 0.0, 6.0575843e-05, 39.5, 0.48865998, 39.499996
3113, 2127971, -0.0011999999405816197, False, 31.678436, -9.179115e-06, 0.0, -2.4809718, 39.47931, 0.48998928, 39.402653
3113, 2127972, -0.0011999999405816197, False, 31.558434, -7.6293945e-06, 0.0, -4.7313657, 39.42944, 0.48999992, 39.16805
3113, 2127973, -0.0011999999405816197, False, 31.43843, -0.6101873, 0.0, -6.7428017, 39.355835, 0.49, 38.809166
3113, 2127974, -0.0011999999405816197, False, 31.318428, -1.3279836, 0.0, -8.502557, 39.275166, 0.49, 38.3355
3113, 2127975, -0.0011999999405816197, False, 31.198425, -0.55455565, 0.0, -4.6620903, 39.205692, 0.49, 37.984077
3113, 2127976, -0.0011999999405816197, False, 31.078423, -0.21573573, 0.0, -1.1254686, 39.1657, 0.49, 37.85209
3113, 2127977, -0.0011999999405816197, False, 30.95842, -0.16382533, 0.0, 1.6097635, 39.17215, 0.49, 37.898678
3113, 2127978, -0.0011999999405816197, False, 30.838417, -0.1331681, 0.0, 3.9415288, 39.22303, 0.49, 38.08284
3113, 2127979, -0.0011999999405816197, False, 30.718414, -0.6482781, 0.0, 6.018479, 39.31818, 0.49, 38.39042
3113, 2127980, -0.0011999999405816197, False, 30.598412, -1.2902126, 0.0, 7.8461742, 39.466778, 0.49, 38.804558
3113, 2127981, -0.0011999999405816197, False, 30.478409, -2.5314767, 2.0861626e-07, 3.484225, 39.501198, 0.4851951, 39.152092
3113, 2127982, -0.0011999999405816197, False, 30.358406, -1.593782, 7.4505806e-08, 2.760466, 39.50001, 0.48769125, 39.357468
3113, 2127983, -0.0011999999405816197, False, 30.238403, -1.2652445, 1.4901161e-08, 2.191432, 39.5, 0.4878643, 39.521767
3113, 2127984, -0.0011999999405816197, False, 30.1184, 0.0, 0.0, 0.0, 39.5, 0.48821113, 39.50017
3113, 2127985, -0.0011999999405816197, False, 29.998398, 0.0, 0.0, 0.0, 39.5, 0.48837745, 39.5
3113, 2127986, -0.0011999999405816197, False, 29.878395, -0.16571948, 0.0, -2.4744322, 39.4717, 0.48998702, 39.404804
3113, 2127987, -0.0011999999405816197, False, 29.758392, -0.13788307, 0.0, -4.725677, 39.413322, 0.4899999, 39.172375
3113, 2127988, -0.0011999999405816197, False, 29.63839, -0.7272576, 0.0, -6.7253385, 39.33248, 0.48999998, 38.815353
3113, 2127989, -0.0011999999405816197, False, 29.518387, -1.427543, 0.0, -8.47649, 39.245552, 0.48999998, 38.34332
3113, 2127990, -0.0011999999405816197, False, 29.398384, -0.6415676, 0.0, -4.648573, 39.17068, 0.48999998, 37.99332
3113, 2127991, -0.0011999999405816197, False, 29.278381, -0.28295782, 0.0, -1.1234804, 39.12631, 0.48999998, 37.862457
3113, 2127992, -0.0011999999405816197, False, 29.158379, -0.20791396, 0.0, 1.596738, 39.129627, 0.48999998, 37.909164
3113, 2127993, -0.0011999999405816197, False, 29.038376, -0.48270714, 0.0, 3.897776, 39.18053, 0.48999998, 38.092484
3113, 2127994, -0.0011999999405816197, False, 28.918373, -0.93995476, 0.0, 5.9488463, 39.289143, 0.48999998, 38.39387
3113, 2127995, -0.0011999999405816197, False, 28.79837, -0.8136842, 0.0, 7.8791847, 39.462284, 0.48999998, 38.796192
3113, 2127996, -0.0011999999405816197, False, 28.678368, -2.3393407, 1.7881393e-07, 3.2197757, 39.501347, 0.48533407, 39.123158
3113, 2127997, -0.0011999999405816197, False, 28.558365, -1.4506031, -2.9802322e-08, 2.5124757, 39.50001, 0.48769665, 39.31055
3113, 2127998, -0.0011999999405816197, False, 28.438362, -1.1411735, 2.9802322e-08, 1.976537, 39.5, 0.48788384, 39.45918
3113, 2127999, -0.0011999999405816197, False, 28.31836, 0.0, 0.0, 0.0, 39.5, 0.4880198, 39.500042
3113, 2128000, -0.0011999999405816197, False, 28.198357, 0.0, 0.0, 0.0, 39.5, 0.48820385, 39.5
3113, 2128001, -0.0011999999405816197, False, 28.078354, 5.9604645e-08, 0.0, -2.4810271, 39.46933, 0.48998564, 39.40561
3113, 2128002, -0.0011999999405816197, False, 27.958351, -0.39781213, 0.0, -4.7127495, 39.397705, 0.48999992, 39.176765
3113, 2128003, -0.0011999999405816197, False, 27.838348, -0.94778466, 0.0, -6.690818, 39.30325, 0.49, 38.82336
3113, 2128004, -0.0011999999405816197, False, 27.718346, -1.6149342, 0.0, -8.426089, 39.20454, 0.49, 38.35448
3113, 2128005, -0.0011999999405816197, False, 27.598343, -0.8054664, 0.0, -4.6221595, 39.119503, 0.49, 38.007236
3113, 2128006, -0.0011999999405816197, False, 27.47834, -0.41041774, 0.0, -1.1202002, 39.06687, 0.49, 37.878517
3113, 2128007, -0.0011999999405816197, False, 27.358337, -0.29775786, 0.0, 1.5807235, 39.064026, 0.49, 37.92604
3113, 2128008, -0.0011999999405816197, False, 27.238335, -0.5537827, 0.0, 3.8762846, 39.11022, 0.49, 38.109974
3113, 2128009, -0.0011999999405816197, False, 27.118332, -0.47108364, 0.0, 5.998478, 39.212498, 0.49, 38.41296
3113, 2128010, -0.0011999999405816197, False, 26.99833, -1.1356127, 0.0, 7.843705, 39.369457, 0.49, 38.82213
3113, 2128011, -0.0011999999405816197, False, 26.878326, -2.8886566, -0.0842081, 3.9758313, 39.501617, 0.48799774, 39.26261
3113, 2128012, -0.0011999999405816197, False, 26.758324, -2.0281217, 1.4901161e-08, 2.7914255, 39.50001, 0.48715654, 39.494705
3113, 2128013, -0.0011999999405816197, False, 26.63832, -0.004224802, 0.0, 0.007317446, 39.50001, 0.48742092, 39.499954
3113, 2128014, -0.0011999999405816197, False, 26.518318, -2.3249786e-05, -1.4901161e-08, 5.2218875e-05, 39.50001, 0.4876606, 39.499996
3113, 2128015, -0.0011999999405816197, False, 26.398315, -1.768247e-05, 3.7252903e-07, 5.441977e-05, 39.50001, 0.48790288, 39.499996
3113, 2128016, -0.0011999999405816197, False, 26.278313, -0.1657269, 0.0, -2.4743824, 39.4718, 0.48998326, 39.40507
3113, 2128017, -0.0011999999405816197, False, 26.15831, -0.13788903, 0.0, -4.7256317, 39.41343, 0.4899999, 39.17265
3113, 2128018, -0.0011999999405816197, False, 26.038307, -0.7272583, 0.0, -6.7252975, 39.33259, 0.48999998, 38.81563
3113, 2128019, -0.0011999999405816197, False, 25.918304, -1.4275396, 0.0, -8.476453, 39.24566, 0.48999998, 38.3436
3113, 2128020, -0.0011999999405816197, False, 25.798302, -0.6415678, 0.0, -4.648539, 39.170788, 0.48999998, 37.993603
3113, 2128021, -0.0011999999405816197, False, 25.678299, -0.28295988, 0.0, -1.1234504, 39.126415, 0.48999998, 37.86274
3113, 2128022, -0.0011999999405816197, False, 25.558296, -0.20791456, 0.0, 1.5967563, 39.129734, 0.48999998, 37.90945
3113, 2128023, -0.0011999999405816197, False, 25.438293, -0.4827094, 0.0, 3.8977926, 39.180637, 0.48999998, 38.09277
3113, 2128024, -0.0011999999405816197, False, 25.31829, -0.410694, 0.0, 6.017617, 39.286892, 0.48999998, 38.395294
3113, 2128025, -0.0011999999405816197, False, 25.198288, -1.0854516, 0.0, 7.8663054, 39.44729, 0.48999998, 38.8041
3113, 2128026, -0.0011999999405816197, False, 25.078285, -2.4403377, 1.7881393e-07, 3.358782, 39.50056, 0.48674935, 39.152042
3113, 2128027, -0.0011999999405816197, False, 24.958282, -1.6951497, 1.4901161e-08, 2.3331356, 39.500004, 0.48716584, 39.348278
3113, 2128028, -0.0011999999405816197, False, 24.83828, -0.97772855, -1.4901161e-08, 1.6934459, 39.5, 0.4877393, 39.480423
3113, 2128029, -0.0011999999405816197, False, 24.718277, -0.012748327, -1.4901161e-08, 0.028632723, 39.5, 0.48780948, 39.49984
3113, 2128030, -0.0011999999405816197, False, 24.598274, -6.630929e-05, 2.9802322e-08, 0.00020407412, 39.5, 0.48801312, 39.499996
3113, 2128031, -0.0011999999405816197, False, 24.478271, -0.16574779, -1.4901161e-08, -2.4742427, 39.47177, 0.48998412, 39.405018
3113, 2128032, -0.0011999999405816197, False, 24.358269, -0.13790625, -1.4901161e-08, -4.725505, 39.4134, 0.48999986, 39.172604
3113, 2128033, -0.0011999999405816197, False, 24.238266, -0.7272613, -1.4901161e-08, -6.725182, 39.332558, 0.49, 38.81559
3113, 2128034, -0.0011999999405816197, False, 24.118263, -1.427531, -1.4901161e-08, -8.476348, 39.24563, 0.49, 38.343567
3113, 2128035, -0.0011999999405816197, False, 23.99826, -0.6415695, -1.4901161e-08, -4.6484437, 39.170757, 0.49, 37.99358
3113, 2128036, -0.0011999999405816197, False, 23.878258, -0.28296632, -1.4901161e-08, -1.123365, 39.126385, 0.49, 37.86273
3113, 2128037, -0.0011999999405816197, False, 23.758255, -0.20791659, -1.4901161e-08, 1.5968078, 39.129704, 0.49, 37.90944
3113, 2128038, -0.0011999999405816197, False, 23.638252, -0.16894794, -1.4901161e-08, 3.9300158, 39.17818, 0.49, 38.093628
3113, 2128039, -0.0011999999405816197, False, 23.51825, -0.6774602, -1.4901161e-08, 6.004951, 39.2713, 0.49, 38.401184
3113, 2128040, -0.0011999999405816197, False, 23.398247, -1.3140314, -1.4901161e-08, 7.8314295, 39.418144, 0.49, 38.81528
3113, 2128041, -0.0011999999405816197, False, 23.278244, -2.1345158, -1.4901161e-07, 3.199532, 39.49923, 0.4848296, 39.18706
3113, 2128042, -0.0011999999405816197, False, 23.158241, -1.5200943, 2.9802322e-08, 1.690032, 39.499992, 0.48680273, 39.35026
3113, 2128043, -0.0011999999405816197, False, 23.038239, -0.5881408, 1.4901161e-08, 0.80949277, 39.5, 0.4872702, 39.43156
3113, 2128044, -0.0011999999405816197, False, 22.918236, -0.23661238, 2.9802322e-08, 0.4098173, 39.5, 0.48793948, 39.466698
3113, 2128045, -0.0011999999405816197, False, 22.798233, -0.20192069, -2.9802322e-08, 0.45351207, 39.50007, 0.48683038, 39.49557
3113, 2128046, -0.0011999999405816197, False, 22.67823, -0.0021867345, 4.3794513e-05, 0.0067299106, 39.500042, 0.48768717, 39.49996
3113, 2128047, -0.0011999999405816197, False, 22.558228, -1.1884799e-05, 3.427267e-07, 5.591167e-05, 39.500027, 0.48830006, 39.499996
3113, 2128048, -0.0011999999405816197, False, 22.438225, -8.6426735e-06, 0.0, -2.480976, 39.479378, 0.48998642, 39.402866
3113, 2128049, -0.0011999999405816197, False, 22.318222, -7.390976e-06, 0.0, -4.73137, 39.42951, 0.4899999, 39.168266
3113, 2128050, -0.0011999999405816197, False, 22.19822, -0.6101873, 0.0, -6.742806, 39.355904, 0.48999998, 38.809383
3113, 2128051, -0.0011999999405816197, False, 22.078217, -1.3279841, 0.0, -8.502561, 39.275234, 0.48999998, 38.335716
3113, 2128052, -0.0011999999405816197, False, 21.958214, -0.5545554, 0.0, -4.662095, 39.20576, 0.48999998, 37.98429
3113, 2128053, -0.0011999999405816197, False, 21.838211, -0.2157352, 0.0, -1.1254727, 39.165768, 0.48999998, 37.852303
3113, 2128054, -0.0011999999405816197, False, 21.718208, -0.1638253, 0.0, 1.6097612, 39.17222, 0.48999998, 37.89889
3113, 2128055, -0.0011999999405816197, False, 21.598206, -0.1331681, 0.0, 3.9415264, 39.2231, 0.48999998, 38.083054
3113, 2128056, -0.0011999999405816197, False, 21.478203, -0.11333239, 0.0, 6.0562315, 39.315784, 0.48999998, 38.391506
3113, 2128057, -0.0011999999405816197, False, 21.3582, -0.8330529, 0.0, 7.9277077, 39.44865, 0.48999998, 38.811882
3113, 2128058, -0.0011999999405816197, False, 21.238197, -2.4283795, 8.940697e-08, 4.206001, 39.50014, 0.48823038, 39.197514
3113, 2128059, -0.0011999999405816197, False, 21.118195, -2.2513044, 2.9802322e-08, 3.098602, 39.5, 0.48723954, 39.450886
3113, 2128060, -0.0011999999405816197, False, 20.998192, -5.16189e-08, 2.9802322e-08, -2.980273e-08, 39.5, 0.48737994, 39.500763
3113, 2128061, -0.0011999999405816197, False, 20.87819, 0.0, 0.0, 0.0, 39.5, 0.48762345, 39.500004
3113, 2128062, -0.0011999999405816197, False, 20.758186, 0.0, 0.0, 0.0, 39.5, 0.4878859, 39.5
3113, 2128063, -0.0011999999405816197, False, 20.638184, -0.16571936, 0.0, -2.474432, 39.471794, 0.48998308, 39.40508
3113, 2128064, -0.0011999999405816197, False, 20.51818, -0.13788301, 0.0, -4.725676, 39.413418, 0.4899999, 39.172653
3113, 2128065, -0.0011999999405816197, False, 20.398178, -0.7272578, 0.0, -6.725338, 39.332577, 0.48999998, 38.81563
3113, 2128066, -0.0011999999405816197, False, 20.278175, -0.63216144, 0.0, -8.582327, 39.24302, 0.48999998, 38.3438
3113, 2128067, -0.0011999999405816197, False, 20.158173, 0.044579566, 0.0, -4.66658, 39.17431, 0.48999998, 37.993347
3113, 2128068, -0.0011999999405816197, False, 20.03817, 0.2367552, 0.0, -1.0745177, 39.150753, 0.48999998, 37.859875
3113, 2128069, -0.0011999999405816197, False, 19.918167, 0.092776835, 0.0, 1.6462667, 39.171757, 0.48999998, 37.90408
3113, 2128070, -0.0011999999405816197, False, 19.798164, 0.07550168, 0.0, 3.9743762, 39.23597, 0.48999998, 38.086056
3113, 2128071, -0.0011999999405816197, False, 19.678162, 0.06427908, 0.0, 6.085969, 39.339912, 0.48999998, 38.39279
3113, 2128072, -0.0011999999405816197, False, 19.558159, -0.68290186, 0.0, 7.970626, 39.482502, 0.48999998, 38.811768
3113, 2128073, -0.0011999999405816197, False, 19.438156, -1.843009, 1.4901161e-07, 3.2479734, 39.49986, 0.4874964, 39.098045
3113, 2128074, -0.0011999999405816197, False, 19.318153, -1.4873165, 1.4901161e-08, 2.576366, 39.5, 0.48781875, 39.290257
3113, 2128075, -0.0011999999405816197, False, 19.19815, -1.0212346, 1.4901161e-08, 2.2936833, 39.5, 0.48837626, 39.446808
3113, 2128076, -0.0011999999405816197, False, 19.078148, -0.009779857, 0.0, 0.030098548, 39.5, 0.48871788, 39.49984
3113, 2128077, -0.0011999999405816197, False, 18.958145, -0.16987139, -1.4901161e-08, -2.446532, 39.471733, 0.48998973, 39.4062
3113, 2128078, -0.0011999999405816197, False, 18.838142, -0.14125437, -1.4901161e-08, -4.7003865, 39.41347, 0.48999992, 39.17535
3113, 2128079, -0.0011999999405816197, False, 18.71814, -0.7277172, -1.4901161e-08, -6.7022285, 39.33275, 0.49, 38.819756
3113, 2128080, -0.0011999999405816197, False, 18.598137, -1.4256817, -1.4901161e-08, -8.455616, 39.245934, 0.49, 38.349014
3113, 2128081, -0.0011999999405816197, False, 18.478134, -0.64172894, -1.4901161e-08, -4.6295834, 39.17117, 0.49, 38.00019
3113, 2128082, -0.0011999999405816197, False, 18.358131, -0.2841083, -1.4901161e-08, -1.1065251, 39.126923, 0.49, 37.870384
3113, 2128083, -0.0011999999405816197, False, 18.238129, -0.20827967, -1.4901161e-08, 1.6068679, 39.130424, 0.49, 37.917698
3113, 2128084, -0.0011999999405816197, False, 18.118126, -0.4840126, -1.4901161e-08, 3.9068758, 39.181484, 0.49, 38.101566
3113, 2128085, -0.0011999999405816197, False, 17.998123, -0.41184592, -1.4901161e-08, 6.0258594, 39.287884, 0.49, 38.404587
3113, 2128086, -0.0011999999405816197, False, 17.87812, -1.0872409, -1.4901161e-08, 7.873636, 39.44841, 0.49, 38.813843
3113, 2128087, -0.0011999999405816197, False, 17.758118, -2.4439495, 1.1920929e-07, 3.3637495, 39.500607, 0.4866334, 39.161537
3113, 2128088, -0.0011999999405816197, False, 17.638115, -1.5284656, -2.9802322e-08, 2.647331, 39.500004, 0.48764518, 39.361687
3113, 2128089, -0.0011999999405816197, False, 17.518112, -1.050357, 0.0, 2.3590915, 39.5, 0.48838288, 39.522484
3113, 2128090, -0.0011999999405816197, False, 17.39811, 0.0, 0.0, 0.0, 39.5, 0.48874328, 39.50018
3113, 2128091, -0.0011999999405816197, False, 17.278107, -0.16571936, 0.0, -2.474432, 39.471638, 0.48998997, 39.404774
3113, 2128092, -0.0011999999405816197, False, 17.158104, -0.13788301, 0.0, -4.7256765, 39.413258, 0.48999992, 39.172344
3113, 2128093, -0.0011999999405816197, False, 17.038101, -0.72725755, 0.0, -6.7253385, 39.332417, 0.49, 38.815323
3113, 2128094, -0.0011999999405816197, False, 16.918098, -1.4275428, 0.0, -8.47649, 39.245487, 0.49, 38.34329
3113, 2128095, -0.0011999999405816197, False, 16.798096, -0.64156777, 0.0, -4.6485734, 39.170616, 0.49, 37.99329
3113, 2128096, -0.0011999999405816197, False, 16.678093, -0.28295797, 0.0, -1.1234809, 39.126244, 0.49, 37.862427
3113, 2128097, -0.0011999999405816197, False, 16.55809, -0.20791408, 0.0, 1.5967377, 39.129562, 0.49, 37.909134
3113, 2128098, -0.0011999999405816197, False, 16.438087, -0.16894555, 0.0, 3.929952, 39.17804, 0.49, 38.09332
3113, 2128099, -0.0011999999405816197, False, 16.318085, -0.6774527, 0.0, 6.0048943, 39.27116, 0.49, 38.400875
3113, 2128100, -0.0011999999405816197, False, 16.198082, -1.3140206, 0.0, 7.83138, 39.418, 0.49, 38.814972
3113, 2128101, -0.0011999999405816197, False, 16.07808, -2.1317136, -1.7881393e-07, 3.1977491, 39.499226, 0.48482957, 39.186813
3113, 2128102, -0.0011999999405816197, False, 15.958078, -1.4289796, 0.0, 1.9688637, 39.499992, 0.48722297, 39.353573
3113, 2128103, -0.0011999999405816197, False, 15.8380785, -0.7875318, -2.9802322e-08, 1.3640193, 39.5, 0.48777947, 39.4615
3113, 2128104, -0.0011999999405816197, False, 15.718079, -0.033291485, -0.0018749684, 0.07477254, 39.5, 0.48806956, 39.499588
3113, 2128105, -0.0011999999405816197, False, 15.598079, -0.00020776948, 0.0, 0.0006394321, 39.5, 0.48824903, 39.499996
3113, 2128106, -0.0011999999405816197, False, 15.478079, -0.16580847, 0.0, -2.473839, 39.47173, 0.48998597, 39.404907
3113, 2128107, -0.0011999999405816197, False, 15.358079, -0.13795537, 0.0, -4.725139, 39.413357, 0.48999992, 39.172516
3113, 2128108, -0.0011999999405816197, False, 15.238079, -0.72726834, 0.0, -6.7248483, 39.33252, 0.49, 38.815525
3113, 2128109, -0.0011999999405816197, False, 15.118079, -1.4275038, 0.0, -8.476046, 39.245594, 0.49, 38.343517
3113, 2128110, -0.0011999999405816197, False, 14.998079, -0.6415718, 0.0, -4.648169, 39.170723, 0.49, 37.99354
3113, 2128111, -0.0011999999405816197, False, 14.878079, -0.28298312, 0.0, -1.1231195, 39.126354, 0.49, 37.8627
3113, 2128112, -0.0011999999405816197, False, 14.75808, -0.20792106, 0.0, 1.5969566, 39.12968, 0.49, 37.909424
3113, 2128113, -0.0011999999405816197, False, 14.63808, -0.48273468, 0.0, 3.897973, 39.18059, 0.49, 38.092754
3113, 2128114, -0.0011999999405816197, False, 14.51808, -0.41071606, 0.0, 6.017781, 39.28685, 0.49, 38.395287
3113, 2128115, -0.0011999999405816197, False, 14.39808, -1.0854864, 0.0, 7.8664513, 39.44725, 0.49, 38.8041
3113, 2128116, -0.0011999999405816197, False, 14.27808, -2.4403715, 1.7881393e-07, 3.358823, 39.50056, 0.48675323, 39.15207
3113, 2128117, -0.0011999999405816197, False, 14.15808, -1.6951772, 4.4703484e-08, 2.3331695, 39.500004, 0.4871657, 39.348312
3113, 2128118, -0.0011999999405816197, False, 14.03808, -1.0546429, 0.0, 1.4515655, 39.5, 0.48729482, 39.47675
3113, 2128119, -0.0011999999405816197, False, 13.91808, 0.0, 0.0, 0.0, 39.5, 0.4875303, 39.500244
3113, 2128120, -0.0011999999405816197, False, 13.79808, 0.0, 0.0, 0.0, 39.5, 0.48775995, 39.5
3113, 2128121, -0.0011999999405816197, False, 13.678081, 0.0, 0.0, 0.0, 39.5, 0.48796812, 39.5
3113, 2128122, -0.0011999999405816197, False, 13.558081, -0.16571942, 0.0, -2.4744318, 39.471775, 0.48998374, 39.405037
3113, 2128123, -0.0011999999405816197, False, 13.438081, -0.13788307, 0.0, -4.7256765, 39.4134, 0.4899999, 39.17261
3113, 2128124, -0.0011999999405816197, False, 13.318081, -0.72725785, 0.0, -6.725339, 39.332558, 0.48999998, 38.81559
3113, 2128125, -0.0011999999405816197, False, 13.198081, -1.4275428, 0.0, -8.47649, 39.24563, 0.48999998, 38.343555
3113, 2128126, -0.0011999999405816197, False, 13.078081, -0.6415676, 0.0, -4.648574, 39.170757, 0.48999998, 37.993557
3113, 2128127, -0.0011999999405816197, False, 12.958081, -0.2829578, 0.0, -1.1234813, 39.126385, 0.48999998, 37.862694
3113, 2128128, -0.0011999999405816197, False, 12.838081, -0.20791388, 0.0, 1.5967374, 39.129704, 0.48999998, 37.9094
3113, 2128129, -0.0011999999405816197, False, 12.718081, -0.1689452, 0.0, 3.9299517, 39.17818, 0.48999998, 38.093586
3113, 2128130, -0.0011999999405816197, False, 12.598082, -0.6774522, 0.0, 6.004894, 39.2713, 0.48999998, 38.401142
3113, 2128131, -0.0011999999405816197, False, 12.478082, -1.3140202, 0.0, 7.8313804, 39.41814, 0.48999998, 38.81524
3113, 2128132, -0.0011999999405816197, False, 12.358082, -2.1344235, -2.3841858e-07, 3.1996603, 39.49923, 0.48482957, 39.18702
3113, 2128133, -0.0011999999405816197, False, 12.238082, -1.520003, 1.4901161e-08, 1.6899283, 39.499992, 0.48680252, 39.35021
3113, 2128134, -0.0011999999405816197, False, 12.118082, -0.58807635, 4.4703484e-08, 0.8094027, 39.5, 0.4872703, 39.431496
3113, 2128135, -0.0011999999405816197, False, 11.998082, -0.23657422, 0.0, 0.4097505, 39.5, 0.48793957, 39.46663
3113, 2128136, -0.0011999999405816197, False, 11.878082, -0.20189974, 1.4901161e-08, 0.45346418, 39.500088, 0.48687705, 39.495464
3113, 2128137, -0.0011999999405816197, False, 11.758082, -0.0022338931, 4.4703484e-05, 0.0068750284, 39.50005, 0.48768696, 39.49996
3113, 2128138, -0.0011999999405816197, False, 11.6380825, -0.16667694, -1.4901161e-08, -2.4680815, 39.471897, 0.48998144, 39.405552
3113, 2128139, -0.0011999999405816197, False, 11.518083, -0.13866132, -1.4901161e-08, -4.71992, 39.413548, 0.48999983, 39.17349
3113, 2128140, -0.0011999999405816197, False, 11.398083, -0.7273716, -1.4901161e-08, -6.720077, 39.332733, 0.48999998, 38.816795
3113, 2128141, -0.0011999999405816197, False, 11.278083, -1.4271274, -1.4901161e-08, -8.471738, 39.24583, 0.48999998, 38.34506
3113, 2128142, -0.0011999999405816197, False, 11.158083, -0.6416114, -1.4901161e-08, -4.644251, 39.170982, 0.48999998, 37.99533
3113, 2128143, -0.0011999999405816197, False, 11.038083, -0.28322634, -1.4901161e-08, -1.1196219, 39.12664, 0.48999998, 37.864708
3113, 2128144, -0.0011999999405816197, False, 10.918083, -0.20799145, -1.4901161e-08, 1.5990686, 39.13, 0.48999998, 37.911552
3113, 2128145, -0.0011999999405816197, False, 10.798083, -0.48300195, -1.4901161e-08, 3.8998702, 39.180943, 0.48999998, 38.094997
3113, 2128146, -0.0011999999405816197, False, 10.678083, -0.41095304, -1.4901161e-08, 6.019503, 39.287228, 0.48999998, 38.39763
3113, 2128147, -0.0011999999405816197, False, 10.558084, -0.3558004, -1.4901161e-08, 7.941393, 39.445282, 0.48999998, 38.807674
3113, 2128148, -0.0011999999405816197, False, 10.438084, -2.2708974, 1.7881393e-07, 3.9332316, 39.500343, 0.4881131, 39.172405
3113, 2128149, -0.0011999999405816197, False, 10.318084, -1.8605994, -2.9802322e-08, 3.2225885, 39.500004, 0.48774916, 39.411674
3113, 2128150, -0.0011999999405816197, False, 10.198084, -0.061965093, -8.097291e-05, 0.13917314, 39.5, 0.4878607, 39.499237
3113, 2128151, -0.0011999999405816197, False, 10.078084, -0.0003492116, 0.0, 0.0010747333, 39.5, 0.48805952, 39.499992
3113, 2128152, -0.0011999999405816197, False, 9.958084, -0.16586906, 0.0, -2.4734359, 39.471764, 0.48998448, 39.405037
3113, 2128153, -0.0011999999405816197, False, 9.838084, -0.13800466, 0.0, -4.7247734, 39.41339, 0.4899999, 39.172665
3113, 2128154, -0.0011999999405816197, False, 9.718084, -0.7272751, 0.0, -6.7245135, 39.332554, 0.48999998, 38.815697
3113, 2128155, -0.0011999999405816197, False, 9.598084, -1.4274775, 0.0, -8.475745, 39.245632, 0.48999998, 38.34371
3113, 2128156, -0.0011999999405816197, False, 9.478085, -0.64157444, 0.0, -4.647896, 39.17076, 0.48999998, 37.99376
3113, 2128157, -0.0011999999405816197, False, 9.358085, -0.090929806, 0.0, -2.8012834, 39.122253, 0.48999998, 37.797165
3113, 2128158, -0.0011999999405816197, False, 9.238085, -0.014895901, 0.0, 0.37166175, 39.113083, 0.48999998, 37.76322
3113, 2128159, -0.0011999999405816197, False, 9.118085, -0.011240542, 0.0, 2.818148, 39.14985, 0.48999998, 37.878735
3113, 2128160, -0.0011999999405816197, False, 8.998085, -0.009414434, 0.0, 5.037199, 39.22926, 0.48999998, 38.125065
3113, 2128161, -0.0011999999405816197, False, 8.878085, -0.64713883, 0.0, 7.0178456, 39.349796, 0.48999998, 38.489185
3113, 2128162, -0.0011999999405816197, False, 8.758085, -1.3867102, 0.0, 8.74728, 39.521194, 0.48999998, 38.954693
3113, 2128163, -0.0011999999405816197, False, 8.638085, -2.5006924, 1.6391277e-07, 3.4418428, 39.500168, 0.48723882, 39.244526
3113, 2128164, -0.0011999999405816197, False, 8.5180855, -1.7478628, 0.0, 2.4056816, 39.5, 0.48714948, 39.44768
3113, 2128165, -0.0011999999405816197, False, 8.398086, -0.0027775585, 0.0, 0.004810776, 39.5, 0.48738834, 39.49997
3113, 2128166, -0.0011999999405816197, False, 8.278086, -2.5189358e-05, 0.0, 5.6574954e-05, 39.5, 0.48763114, 39.499996
3113, 2128167, -0.0011999999405816197, False, 8.158086, -1.9184425e-05, 4.0233135e-07, 5.8945516e-05, 39.5, 0.4878903, 39.499996
3113, 2128168, -0.0011999999405816197, False, 8.038086, -0.16572759, -1.4901161e-08, -2.4743776, 39.47179, 0.48998314, 39.40508
3113, 2128169, -0.0011999999405816197, False, 7.918086, -0.13788939, -1.4901161e-08, -4.725628, 39.413414, 0.4899999, 39.172657
3113, 2128170, -0.0011999999405816197, False, 7.798086, -0.72725827, -1.4901161e-08, -6.725295, 39.332573, 0.48999998, 38.81564
3113, 2128171, -0.0011999999405816197, False, 7.6780863, -1.4275392, -1.4901161e-08, -8.476451, 39.245644, 0.48999998, 38.34361
3113, 2128172, -0.0011999999405816197, False, 7.5580864, -0.64156806, -1.4901161e-08, -4.648537, 39.170773, 0.48999998, 37.99361
3113, 2128173, -0.0011999999405816197, False, 7.4380865, -0.28296012, -1.4901161e-08, -1.1234485, 39.1264, 0.48999998, 37.86275
3113, 2128174, -0.0011999999405816197, False, 7.3180866, -0.20791462, -1.4901161e-08, 1.5967573, 39.12972, 0.48999998, 37.909462
3113, 2128175, -0.0011999999405816197, False, 7.1980867, -0.16894603, -1.4901161e-08, 3.92997, 39.178196, 0.48999998, 38.09365
3113, 2128176, -0.0011999999405816197, False, 7.078087, -0.14376378, -1.4901161e-08, 6.045803, 39.26885, 0.48999998, 38.40208
3113, 2128177, -0.0011999999405816197, False, 6.958087, -0.85826707, -1.4901161e-08, 7.91556, 39.399952, 0.48999998, 38.822414
3113, 2128178, -0.0011999999405816197, False, 6.838087, -2.7732003, -0.09154936, 4.8032284, 39.50291, 0.48787904, 39.285526
3113, 2128179, -0.0011999999405816197, False, 6.718087, -2.2500384, 0.0, 3.8971033, 39.500023, 0.48776543, 39.569366
3113, 2128180, -0.0011999999405816197, False, 6.5980873, -2.7225676e-08, 1.4901161e-08, -1.2121922e-08, 39.50001, 0.48862833, 39.500553
3113, 2128181, -0.0011999999405816197, False, 6.4780874, 0.0, 0.0, 0.0, 39.50001, 0.48875582, 39.500004
3113, 2128182, -0.0011999999405816197, False, 6.3580875, -0.16571945, 0.0, -2.4744322, 39.471645, 0.48999006, 39.40459
3113, 2128183, -0.0011999999405816197, False, 6.2380877, -0.13788295, 0.0, -4.725677, 39.413265, 0.48999992, 39.17216
3113, 2128184, -0.0011999999405816197, False, 6.118088, -0.0824312, 0.0, -2.8251762, 39.36502, 0.49, 38.97382
3113, 2128185, -0.0011999999405816197, False, 5.998088, -0.043478332, 0.0, 0.3526811, 39.35398, 0.49, 38.938972
3113, 2128186, -0.0011999999405816197, False, 5.878088, -0.23094064, 0.0, 2.7892165, 39.37934, 0.49, 39.05635
3113, 2128187, -0.0011999999405816197, False, 5.758088, -0.6191524, 0.0, 4.9708447, 39.449593, 0.49, 39.30389
3113, 2128188, -0.0011999999405816197, False, 5.638088, 8.259021e-07, 0.0, 4.7684426e-07, 39.49747, 0.48773748, 39.50147
3113, 2128189, -0.0011999999405816197, False, 5.5180883, 2.7225676e-08, -1.4901161e-08, 1.2121922e-08, 39.4985, 0.4888187, 39.50001
3113, 2128190, -0.0011999999405816197, False, 5.3980885, 0.0, 0.0, 0.0, 39.49911, 0.48895937, 39.5
3113, 2128191, -0.0011999999405816197, False, 5.2780886, -0.16571945, 0.0, -2.4744322, 39.470707, 0.48999166, 39.404472
3113, 2128192, -0.0011999999405816197, False, 5.1580887, -0.13788295, 0.0, -4.725677, 39.412327, 0.48999998, 39.172043
3113, 2128193, -0.0011999999405816197, False, 5.038089, -0.72725743, 0.0, -6.725339, 39.331486, 0.48999998, 38.81502
3113, 2128194, -0.0011999999405816197, False, 4.918089, -1.4275432, 0.0, -8.476491, 39.244556, 0.48999998, 38.342987
3113, 2128195, -0.0011999999405816197, False, 4.798089, -0.6415676, 0.0, -4.6485744, 39.169685, 0.48999998, 37.99299
3113, 2128196, -0.0011999999405816197, False, 4.678089, -0.2829578, 0.0, -1.1234815, 39.125313, 0.48999998, 37.862125
3113, 2128197, -0.0011999999405816197, False, 4.5580893, -0.20791405, 0.0, 1.5967374, 39.12863, 0.48999998, 37.908833
3113, 2128198, -0.0011999999405816197, False, 4.4380894, -0.16894555, 0.0, 3.929952, 39.17711, 0.48999998, 38.093018
3113, 2128199, -0.0011999999405816197, False, 4.3180895, -0.6774523, 0.0, 6.004893, 39.27023, 0.48999998, 38.400574
3113, 2128200, -0.0011999999405816197, False, 4.1980896, -1.3140202, 0.0, 7.8313794, 39.41707, 0.48999998, 38.81467
3113, 2128201, -0.0011999999405816197, False, 4.0780897, -2.987641, -0.08641187, 4.112058, 39.509937, 0.4882892, 39.241875
3113, 2128202, -0.0011999999405816197, False, 3.9580898, -2.2931876, 5.9604645e-08, 2.5467954, 39.50008, 0.48658222, 39.471405
3113, 2128203, -0.0011999999405816197, False, 3.83809, 0.0, 0.0, 0.0, 39.50001, 0.48692626, 39.501133
3113, 2128204, -0.0011999999405816197, False, 3.71809, -5.1618876e-08, 2.9802322e-08, -2.9802777e-08, 39.50001, 0.48721197, 39.500008
3113, 2128205, -0.0011999999405816197, False, 3.5980902, 0.0, 0.0, 0.0, 39.50001, 0.4874711, 39.5
3113, 2128206, -0.0011999999405816197, False, 3.4780903, 0.0, 0.0, 0.0, 39.50001, 0.48782292, 39.5
3113, 2128207, -0.0011999999405816197, False, 3.3580904, -0.1657193, -1.4901161e-08, -2.4744318, 39.471813, 0.48998258, 39.405117
3113, 2128208, -0.0011999999405816197, False, 3.2380905, -0.13788271, -1.4901161e-08, -4.725677, 39.413437, 0.48999986, 39.17269
3113, 2128209, -0.0011999999405816197, False, 3.1180906, -0.7272575, -1.4901161e-08, -6.725339, 39.332596, 0.49, 38.81567
3113, 2128210, -0.0011999999405816197, False, 2.9980907, -1.427543, -1.4901161e-08, -8.47649, 39.245667, 0.49, 38.343636
3113, 2128211, -0.0011999999405816197, False, 2.8780909, -0.6415678, -1.4901161e-08, -4.648574, 39.170795, 0.49, 37.993637
3113, 2128212, -0.0011999999405816197, False, 2.758091, -0.090884745, -1.4901161e-08, -2.8017282, 39.122288, 0.49, 37.797016
3113, 2128213, -0.0011999999405816197, False, 2.638091, -0.014841363, -1.4901161e-08, 0.37126365, 39.113117, 0.49, 37.76305
3113, 2128214, -0.0011999999405816197, False, 2.5180912, -0.011198819, -1.4901161e-08, 2.8177872, 39.14988, 0.49, 37.87854
3113, 2128215, -0.0011999999405816197, False, 2.3980913, -0.009379625, -1.4901161e-08, 5.036871, 39.22929, 0.49, 38.124847
3113, 2128216, -0.0011999999405816197, False, 2.2780914, -0.6470783, -1.4901161e-08, 7.0175524, 39.349823, 0.49, 38.488945
3113, 2128217, -0.0011999999405816197, False, 2.1580915, -1.3866289, -1.4901161e-08, 8.747021, 39.521217, 0.49, 38.954433
3113, 2128218, -0.0011999999405816197, False, 2.0380917, -2.5005896, 7.4505806e-08, 3.4417014, 39.500168, 0.48723966, 39.24424
3113, 2128219, -0.0011999999405816197, False, 1.9180918, -1.8781408, -1.4901161e-08, 2.0858471, 39.5, 0.48671082, 39.44354
3113, 2128220, -0.0011999999405816197, False, 1.7980919, -0.052146398, -0.0021510273, 0.071771875, 39.5, 0.4867576, 39.499554
3113, 2128221, -0.0011999999405816197, False, 1.678092, -0.00033614557, 0.0, 0.00058220926, 39.5, 0.48705903, 39.499996
3113, 2128222, -0.0011999999405816197, False, 1.5580921, -2.5165133e-05, 4.172325e-07, 5.6520494e-05, 39.5, 0.4873475, 39.499996
3113, 2128223, -0.0011999999405816197, False, 1.4380922, -1.911926e-05, 4.0233135e-07, 5.8841346e-05, 39.5, 0.48780414, 39.499996
3113, 2128224, -0.0011999999405816197, False, 1.3180923, -0.1657275, -1.4901161e-08, -2.4743776, 39.47181, 0.48998243, 39.40513
3113, 2128225, -0.0011999999405816197, False, 1.1980925, -0.13788939, -1.4901161e-08, -4.725628, 39.413433, 0.48999986, 39.172707
3113, 2128226, -0.0011999999405816197, False, 1.0780926, -0.7272587, -1.4901161e-08, -6.7252946, 39.332592, 0.49, 38.81569
3113, 2128227, -0.0011999999405816197, False, 0.9580926, -1.4275397, -1.4901161e-08, -8.47645, 39.245663, 0.49, 38.34366
3113, 2128228, -0.0011999999405816197, False, 0.8380925, -0.6415682, -1.4901161e-08, -4.648537, 39.17079, 0.49, 37.99366
3113, 2128229, -0.0011999999405816197, False, 0.71809244, -0.28296024, -1.4901161e-08, -1.1234483, 39.12642, 0.49, 37.8628
3113, 2128230, -0.0011999999405816197, False, 0.5980924, -0.20791471, -1.4901161e-08, 1.5967574, 39.129738, 0.49, 37.90951
3113, 2128231, -0.0011999999405816197, False, 0.47809234, -0.16894579, -1.4901161e-08, 3.9299693, 39.178215, 0.49, 38.0937
3113, 2128232, -0.0011999999405816197, False, 0.35809237, -0.67745423, -1.4901161e-08, 6.0049095, 39.271336, 0.49, 38.401257
3113, 2128233, -0.0011999999405816197, False, 0.2380924, -1.3140228, -1.4901161e-08, 7.8313947, 39.41818, 0.49, 38.815353
3113, 2128234, -0.0011999999405816197, False, 0.11809241, -2.1351593, -1.1920929e-07, 3.2001495, 39.499233, 0.48482957, 39.187115
3113, 2128235, -0.0011999999405816197, True, 0.0, -1.655374, 1.4901161e-08, 2.2887661, 39.49997, 0.48705253, 39.305656
